:020000040800F2
:10000000503D032471030008C78A00083F800008A0
:10001000C58A0008CD2700089DA90008000000003F
:10002000000000000000000000000000B102000815
:10003000852C0008000000000D0300083D9A000810
:100040008B0300088B0300088B0300088B03000858
:100050008B0300088B0300088B0300088B03000848
:100060008B0300088B0300088B0300083528000869
:10007000412800088B0300088B0300088B0300084D
:100080008B0300088B0300088B0300088B03000818
:100090008B0300088B0300088B0300088B03000808
:1000A0008B030008DD9B00088B0300088B0300080E
:1000B0008B0300088B0300088B0300088B030008E8
:1000C0008B0300088B0300088B0300088B030008D8
:1000D0008B03000891A900088B0300088B0300081C
:1000E0008B0300088B030008000000008B0300084E
:1000F0008B0300088B0300088B0300088B030008A8
:100100008B0300088B0300088B0300088B03000897
:100110008B0300088B0300088B0300088B03000887
:100120008B0300088B0300088B0300088B03000877
:100130008B0300088B0300088B0300088B03000867
:1001400000000000000000000000000000000000AF
:100150008B0300088B0300088B0300088B03000847
:100160008B0300088B0300088B0300088B03000837
:100170008B0300088B0300088B0300088B03000827
:100180008B0300088B0300088B0300088B03000817
:100190008B0300088B0300088B0300088B03000807
:1001A0008B0300088B0300088B0300088B030008F7
:1001B0008B0300088B0300088B0300088B030008E7
:1001C0008B0300088B0300088B0300088B030008D7
:1001D0008B0300088B0300088B0300088B030008C7
:1001E0008B0300088B0300088B0300088B030008B7
:1001F0008B0300088B0300088B0300088B030008A7
:100200008B0300088B0300088B0300088B03000896
:100210008B0300088B0300088B0300088B03000886
:100220008B0300088B0300088B030008000000000C
:100230008B0300088B030008000000008B030008FC
:100240008B0300088B0300088B0300088B03000856
:100250008B0300088B0300088B0300088B03000846
:100260008B0300088B0300088B0300088B03000836
:100270008B0300088B0300088B03000800000000BC
:100280008B0300088B0300088B03000800000000AC
:10029000000000008B030008DFF810D000F0D2FB54
:1002A00000480047A1D10008AFF30080503D03246F
:1002B0002C4B19680868B0E8F04F80F30988BFF349
:1002C0006F8F4FF0000080F311887047000000002E
:1002D00008480068006880F308884FF0000080F349
:1002E000148862B661B6BFF34F8FBFF36F8F00DF24
:1002F00000BF00BF08ED00E0DFF80C00016841F42A
:1003000070010160704700BF88ED00E0EFF30980E5
:10031000BFF36F8F134B1A681EF0100F08BF20ED4C
:10032000108A20E9F04F106009B44FF0500080F3BC
:100330001188BFF34F8FBFF36F8F0EF0F7FD4FF0B3
:10034000000080F3118809BC19680868B0E8F04F14
:100350001EF0100F08BFB0EC108A80F30988BFF3BD
:100360006F8F70472C000024EFF30580704700006A
:100370000648804706480047FEE7FEE7FEE7FEE73F
:10038000FEE7FEE7FEE7FEE7FEE7FEE7019B00086B
:10039000990200082DE9F05F0546002092469B4631
:1003A00088460646814640241BE02846414647468B
:1003B000224600F0D3F853465A46C01A914110D352
:1003C00011461846224600F0BAF82D1A67EB0108CC
:1003D0004F4622460120002100F0B1F817EB00093A
:1003E0004E41201EA4F10104DFDC484631462A4676
:1003F0004346BDE8F09F40EA01039B0703D009E0B4
:1004000008C9121F08C0042AFAD203E011F8013B00
:1004100000F8013B521EF9D27047D2B201E000F859
:10042000012B491EFBD270470022F6E710B5134698
:100430000A4604461946FFF7F0FF204610BD10B5E6
:10044000002200E0521C835C8C5CA34201D1002B93
:10045000F8D1D8B2E1B2401A10BD000070B50F4D0E
:1004600000B92868002412E00A4602E09E4203D048
:10047000521C1378002BF9D1DAB2224305D02BB1EC
:1004800024B1002100F8011B04E00446401C06785A
:10049000002EE9D12860204670BD000030070024FE
:1004A0002DE9F05F93460F468046044600260AF089
:1004B000ABFAD0F80090824614F8015B2DB100F041
:1004C0005DF80068405DC007F6D12B2D02D02D2DC0
:1004D0001AD0641E0021CAF800105A463946204638
:1004E00000F059F8014627B13868A04201D1C7F899
:1004F0000080DAF80000022809D0CAF800907005E0
:1005000005D54842BDE8F09F46F48066E2E708461C
:10051000F8E730B50B46014600202022012409E00F
:1005200021FA02F59D4205D303FA02F5491B04FAAC
:1005300002F52844151EA2F10102F1DC30BD202A8B
:1005400004DB203A00FA02F1002070479140C2F12A
:10055000200320FA03F3194390407047202A04DB5C
:10056000203A21FA02F00021704721FA02F3D0402C
:10057000C2F1200291400843194670470048704775
:10058000DCFE000810B50446FFF7F8FF0068005DC8
:1005900000F0010010BD2DE9F05F824600780027D1
:1005A00015468B460AF10104B946302801D09DB1A9
:1005B00013E014F8010B0127782803D0582801D044
:1005C00045B10AE00DB1102D07D10027102514F810
:1005D000010B02E0082500E00A250026B0460EE0E7
:1005E00005FB080005FB06F1012701EB10461FFA89
:1005F00080F8B6F5803F00D3B94614F8010B2946C0
:1006000000F044FA0028EBDABBF1000F05D00FB17F
:10061000641E00E05446CBF80040B9F1000F06D04C
:100620000AF0F2F902210160C81EBDE8F09F48EA15
:100630000640FAE70FB4002300B589B00CA9009179
:100640000B996FF00042CB601E4B06931E4B079335
:100650000423CDE901321D4A089202466B46002070
:1006600000F0B6FA09B05DF814FB70B586B0064626
:100670004FF0FF300091CDE90101002015460C46F6
:1006800004903246694604A8FFF7D4FF0246049856
:10069000211825B108B1084600E0204628600498DA
:1006A00000280DD0002A02DD0098884208D0081BDF
:1006B0000094CDE901043246694604A8FFF7BAFF69
:1006C00006B070BD090E0008270E00088505000859
:1006D0002DE9FE4F804681EA0300C00F0C460090D2
:1006E00021F0004123F00045B8EB0200A94105D2FA
:1006F0004046214690461C460B46024623F00040E9
:10070000104347D0270DC7F30A00C3F30A510290E4
:10071000401A019040286BDAC3F3130040F4801BA9
:100720000098924620B10023D2EB030A63EB0B0B37
:1007300001985946C0F140025046FFF700FF0646B7
:100740000D4650465946019A00F08EF910EB08000C
:100750006141002487EA115284EAE7731A4340D0CA
:10076000009A62B3019A012A4FEA075215DC001B76
:1007700061EB02014FF0004202EA0752CDE900426C
:10078000001C41F5801132462B4600F06CFB03B093
:10079000BDE8F08F40462146F9E7001B61EB0201FE
:1007A000001C41F5801300185B412018A2F50017CA
:1007B00047EB030140EAD570B6196D4111E06D08B1
:1007C0004FEA360645EAC0754FEA0752001B61EB57
:1007D0000201001C41F5801149084FEA3000001960
:1007E000514132462B4603B0BDE8F04F00F02CBB20
:1007F0000098012240000023D0EB020263EBE0737B
:10080000009821464FEAE074B8EB000061EB040168
:10081000E9E783F000435BE781F0004158E72DE909
:10082000FE4F81EA030404F0004421F000410094EB
:100830004FF0000B23F0004350EA01045ED052EA6F
:1008400003045BD0C3F30A54C1F30A552C44A4F249
:10085000F3340194A0FB0254C1F3130141F480115D
:10086000C3F3130343F4801301FB024400FB034E64
:10087000840A970A44EA815447EA8357A4FB07682D
:1008800002958D0A05FB07854FEA932C04FB0C5457
:100890002705029D4FEA065847EA1637B5EB0805CB
:1008A0006EEB070C870E920E47EA811742EA83121D
:1008B000A7FB0201B6EB0B0164EB00042B0D43EA2E
:1008C0000C335E1844EB1C50DA465146E7FB02013C
:1008D000C5F313044FEA0B3343EA14534FEA0432CF
:1008E000019C43EA0603A4F10C040294009CCDE9A8
:1008F00000B400F0B8FA03B0BDE8F08F0020014664
:10090000F9E72DE9F04D81EA030404F0004B21F0F2
:10091000004514464FF0000A23F0004150EA05025A
:1009200020D054EA01021DD0C5F30A570246C5F390
:100930001303C1F31300C1F30A5640F4801543F4C6
:100940008013A7EB0608101BD64608F2FD3873EBA0
:10095000050002D308F1010801E092185B41B8F1EB
:10096000000F03DA00200146BDE8F08D00204FF4AF
:100970008011064684460EE0171B73EB050705D36E
:10098000121B63EB050306434CEA010C49084FEACE
:10099000300092185B4150EA0107EDD152EA0300A2
:1009A00012D082EA040083EA0501084305D0101B37
:1009B000AB4106D20122002306E000224FF00043A3
:1009C00002E06FF0010253101AEB06004CEB0851E5
:1009D00010EB0A0041EB0B01BDE8F04D00F034BA1A
:1009E000C1F30A52C1F3130140F2FF3341F4801105
:1009F0009A4202DA00200146704740F233439A429D
:100A0000A2F2334202DC5242FFF7A8BDFFF797BDC6
:100A100030B5041E71F1000404DB4FF00044404285
:100A200064EB0101141E73F1000405DB1C464FF05A
:100A30000043524263EB0403994208BF904230BD29
:100A400000207047064C074D06E0E06840F00103C7
:100A500094E8070098471034AC42F6D3FFF720FC27
:100A6000B8900108D8900108202A06DBCB17203A5D
:100A700041FA02F043EAE07306E041FA02F3D040A3
:100A8000C2F1200291400843194670473A2800D22B
:100A9000303820F02002412A01D3A2F137008842E9
:100AA00001D34FF0FF3070472DE9FF4F087883B036
:100AB0009946FF2805D0491C2D2804D00024002089
:100AC00008E000200BE00124F9E700EB800003EBD5
:100AD0004000491C0B78FF2BF7D104B140420023A2
:100AE0000293147819461D462D2C01D02B2C04D1CD
:100AF000521C2D2C13D000240294AA461478FF2CEB
:100B00000FD00A25A3FB057801FB05814FF0000CEF
:100B100003FB0C11521CE3194AEB0101EEE701241F
:100B2000EAE7814453EA010002D019F5C87F06DAEA
:100B300003980021C0E9001107B0BDE8F08F00253F
:100B4000AE4E2F46DFF8B882184600F0DAF9CDE94C
:100B50000001B9F1000002DAC9F1000400E0044626
:100B60000023A74A1AEB030B42EB045A12E0E007FA
:100B700007D02A46334638464146FFF750FE07461F
:100B800088462A46334610461946FFF748FE054672
:100B90000E466410002CEAD1DDE90001B9F1000F26
:100BA0005A46534606DAFFF7ACFE3A464346FFF78D
:100BB000A8FE05E0FFF733FE3A464346FFF72FFE57
:100BC000029A0AB181F00041039AC2E90001B3E739
:100BD0002DE9FF4F1F468DB0D7E901464FF0FF3892
:100BE0002E2045464FF000090B90B9696D1C0E98F8
:100BF0008847396A824688470028F6D1BAF1FF3F14
:100C00000AD024F4D064002E11DDBAF12B0F08D0E5
:100C1000BAF12D0F0BD102E0404611B08DE744F43C
:100C20008064B9696D1C0E9888478246761E6946B5
:100C3000600501D52D2000E02B208DF8000001F18A
:100C4000010B0DF1200809E0B9696D1C0E98884769
:100C500082460F9844F40074761E0560002E02DD73
:100C6000BAF1300FF0D00B998A453ED144F08004A0
:100C700006E00F99681CA9F1010944F400740860AA
:100C8000B9696D1C761E0E98884782463028F0D0D0
:100C90002BE00B998A4505D1200603D444F080044B
:100CA000761E18E050460BF0A7F808B30DF11301BB
:100CB000761E44F400748B4508D2AAF130000BF87C
:100CC000010B200607D5A9F1010003E0200602D49C
:100CD00009F101008146A00502D50F99681C086042
:100CE000B9696D1C0E9888478246002ED1DC53E00E
:100CF000002E51DDBAF1650F02D0BAF1450F4BD18C
:100D0000A00549D5B9696D1C24F44074761E0E986F
:100D100088478246002E0CDD2B2804D0BAF12D0F17
:100D200007D144F48074B9696D1C0E9888478246D7
:100D3000761EE00501D52D2100E02B2108F8011BCE
:100D4000CDF82C8021E00DF12901761E44F40074C9
:100D500088450CD2AAF1300010F0FF0088F800009E
:100D600002D10B99884509D908F1010806E0E00590
:100D700001D5244801E042F20F708146B9696D1C2B
:100D80000E98884782460F980560002E04DD504675
:100D90000BF032F80028D6D1F9690E988847FF2069
:100DA0008BF8000088F800000020069007904B4662
:100DB0006A4608A906A8FFF777FEA00502D46FF0DF
:100DC00001002AE714F0240F0AD0E00714D1DDE96E
:100DD00006123868031D3B600068C0E900120BE092
:100DE000DDE9060100F099F80146E00704D1386812
:100DF000021D3A600068016028460EE700001440BA
:100E00000000F03FF1D8FFFF426842B1016811F8DD
:100E1000013B23B1521EC0E9001218467047012160
:100E2000C160881E704742685AB1C368016843B9FF
:100E300083688B4205D0491E521CC0E90012002075
:100E400070474FF0FF30704710B5141E73F1000467
:100E500008DA401C41F1000192185B411A4301D1AC
:100E600020F0010010BD2DE9F04D92469B4611B1D6
:100E7000B1FA81F202E0B0FA80F220329046FFF738
:100E80005EFB04460F4640EA0A0041EA0B01534666
:100E90005A46084313D0114653EA010019D0C8F14D
:100EA00040025046FFF75AFB05460E46504659464B
:100EB0004246FFF744FB084305D0012004E02046EA
:100EC0003946BDE8F08D0020054346EAE0762C4324
:100ED00037430A986305E40AA0EB08000022FD0AE4
:100EE00044EA47540A3002D500200146E9E70105EB
:100EF00010196941DDE9084500196941BDE8F04D67
:100F0000A2E70EB540F2334202920022CDE9002260
:100F10001346FFF7A8FF03B000BD01F0004330B453
:100F200021F0004150EA010206D00A0DA2F56072DC
:100F3000C1F31301002A02DC30BC00207047440FCB
:100F400044EAC104C100E01830BC00EBC250AFF36A
:100F500000800029A8BF7047401C490008BF20F04E
:100F60000100704710B4B0FA80FC00FA0CF050EAAF
:100F7000010404BF10BC704749B1CCF1200421FA30
:100F800004F411FA0CF118BF012121430843A3EB2B
:100F90000C01CB1D4FEA00614FEA102042BF002038
:100FA00010BC704700EBC35010440029A4BF10BC14
:100FB0007047401C490008BF20F0010010BC70477A
:100FC00070B58C1810F8015B15F0070301D110F80B
:100FD000013B2A1106D110F8012B03E010F8016B38
:100FE00001F8016B5B1EF9D12B0705D40023521EBB
:100FF0000DD401F8013BFAE710F8013BCB1A921C23
:1010000003E013F8015B01F8015B521EF9D5A14220
:10101000D8D3002070BD00002DE9F04F81B001262B
:101020006FF001044FEA510E06EB510704EB510833
:1010300000974FEA42090024002500BFADB26600C8
:10104000AC422BD250F82670EA0050F8351004322A
:1010500040F8261046F0010140F8357050F821A004
:10106000875840F8217040F802A0009AA118AF18E4
:1010700050F831A04FEAC10B50F837204FEAC70CA7
:1010800040F8312040F837A00BF104010CF10407BF
:1010900050F801A0C259425040F807A005EB0E01DC
:1010A00000EB860250F831709668CD00D2F80CC083
:1010B00097602F1D40F83160A11CC5598CB2D560D6
:1010C0001D8844454B4440F807C0B7D901B0BDE87E
:1010D000F08F70B50446807825880E46A3890128D4
:1010E000626806D194ED040A3046294600F0C8FD36
:1010F00003E03046294600F02FFCE078012807D1B4
:1011000021883046E289A368BDE87040FFF784BFBC
:1011100070BD000041F2B80C0180C0F6010CC0F8AF
:1011200004C0FF29827040F2B202C370C0F601020F
:101130004FF0FF030DDDB1F5807F13D0B1F5805F77
:1011400015D0B1F5806F22D106329FED160A042129
:1011500017E010290FD0402919D17E329FED0F0AD8
:1011600040210EE01E329FED0E0A102109E09FED96
:10117000090A012105E002F5FF729FED070A4FF40D
:10118000807100238181C181826080ED040A58B2A0
:10119000704700BF000080390000803D0000803CA7
:1011A0000000803B0000803A2DE9F04381B02DED36
:1011B000028B0023B3EB920F90460C46054669D094
:1011C0004FEA9800474200BF95ED010A20EE008AE1
:1011D00095ED000A00EE008AB0EE480A0AF03CFCE9
:1011E000B4EEC00AF1EE10FA03D7B0EE480A0AF0E6
:1011F00033FC84ED000A95ED030A20EE008A95ED9C
:10120000020A00EE008AB0EE480A0AF025FCB4EEAD
:10121000C00AF1EE10FA03D7B0EE480A0AF01CFC3F
:1012200084ED010A95ED050A20EE008A95ED040A89
:1012300000EE008AB0EE480A0AF00EFCB4EEC00AD6
:10124000F1EE10FA03D7B0EE480A0AF005FC84ED7F
:10125000020A05F1200995ED070A20EE008A04F143
:10126000100695ED060A00EE008AB0EE480A0AF074
:10127000F3FBB4EEC00AF1EE10FA03D7B0EE480A61
:101280000AF0EAFB013784ED030A4D4634469BD150
:1012900034464D4618F003001DD0464295ED010A34
:1012A00020EE008A271D95ED000A00EE008AB0EEC0
:1012B000480A0AF0D1FBB4EEC00AF1EE10FA03D7E7
:1012C000B0EE480A0AF0C8FB013684ED000A05F1C9
:1012D00008053C46E2D1BDEC028B01B0BDE8F083CD
:1012E0009FED201AB5EE002A00EE012A9FED1E1A8E
:1012F000BDEEC20AB5EEC02AF1EE10FA10EE100AE9
:10130000B8BF013800EE100A0020B8EEC00A32EE75
:10131000400A9FED162A20EE010ABCEEC01A11EE1B
:10132000101A30EE021AB0EB512F18BF002102EE56
:10133000101A40F6B40000FE010AC0F60100B8EE33
:10134000422A00EB810090ED011A30EE420AB7EE1E
:10135000002A32EE402A20EE010A90ED001A02EE39
:10136000010A704783F9223E00000044000000C4D7
:101370002DE9F04F81B02DED048B88B00688002751
:10138000B7EBD30FD0F804C0A6F1010584680CEBCD
:10139000850B0395CDE9016300F05E81F0080790AD
:1013A00026F0070004EB8000069046F0070006F0E8
:1013B00007050CEB800AA7EBD600059068424FEAC0
:1013C000D30904909FEDD10A604600BF0B68CBF8AB
:1013D00000304B68CBF804308B68CBF80830CB6812
:1013E000CBF80C300B69CBF810304B69CBF81430CC
:1013F0008B69CBF81830CB69CBF81C30079BD0ED4C
:10140000006AD0ED015AD0ED027AD0ED031AD0ED8A
:10141000043AD0ED052A002BD0ED064A00F0C28038
:101420004FF00008DDF814E0B0EE401AB0EE402AAC
:10143000B0EE403AB0EE404AB0EE405AB0EE406AEC
:10144000B0EE407AF0EE400A04EB080600EB080329
:1014500096ED009A93ED078A46EE890A1EF1010E79
:1014600005EE897A08F1200807EE896A01EE895AAB
:1014700003EE894A02EE893A04EE892A09EE081A37
:1014800096ED019AD3ED086A45EE890A07EE897A4E
:1014900001EE896A03EE895A02EE894A04EE893A1E
:1014A00008EE092A09EE261A96ED029AD3ED095A9A
:1014B00047EE890A01EE897A03EE896A02EE895ABB
:1014C00004EE894A08EE093A06EE892A09EE251A41
:1014D00096ED039AD3ED0A7A41EE890A03EE897AF2
:1014E00002EE896A04EE895A08EE094A06EE893A44
:1014F00005EE892A09EE271A96ED049AD3ED0B1A08
:1015000043EE890A02EE897A04EE896A08EE095AE6
:1015100006EE894A05EE893A07EE892A09EE211A74
:1015200096ED059AD3ED0C3A42EE890A04EE897ADB
:1015300008EE096A06EE895A05EE894A07EE893AED
:1015400001EE892A09EE231A96ED069AD3ED0D2AAB
:1015500044EE890A08EE097A06EE896A05EE895A90
:1015600007EE894A01EE893A03EE892A09EE221A2A
:1015700096ED079AD3ED0E4A48EE090A06EE897AEF
:1015800005EE896A07EE895A01EE894A03EE893A27
:1015900002EE892A09EE241A7FF456AF5646069BBE
:1015A00013E000BF00F11C06F0EE400AB0EE407AF6
:1015B000B0EE406AB0EE405AB0EE404AB0EE403A6B
:1015C000B0EE402AB0EE401A23462031002D0BF138
:1015D000200B26D0049F00BF93ED008A46EE880AB8
:1015E000F0EE656A043305EE887AF0EE675A01374B
:1015F00007EE886AF0EE617A01EE885AF0EE631A1F
:1016000003EE884AF0EE623AF0EE642A04EE882A8D
:10161000D6ED004A03EE883A06F1040608EE241AD5
:10162000DAD102F12003C2ED000A82ED017A203006
:1016300082ED026AB9F1010982ED035A0AF1200A2A
:1016400082ED044A82ED053A82ED062A82ED071A00
:101650001A467FF4BBAE01E060461346029A12F0D0
:10166000070825D0019AC2F1000E9FED280A00BF9D
:101670000E687746CBF800600026B0EE401A00BF37
:101680008519A21995ED002A92ED003A02EE031A8F
:10169000013706F10406F3D11A1D83ED001A043157
:1016A0000BF1040BB8F1010800F104001346DFD17F
:1016B0000021039FB1EB970F18D0B908494200BF32
:1016C00002680131CCF800204268CCF8042000F117
:1016D00010028368CCF808300CF11003C068CCF815
:1016E0000C009C461046EBD110469C4617F00301B7
:1016F00006D0494250F8042B01314CF8042BF9D1A3
:1017000008B0BDEC048B01B0BDE8F08F0000000014
:10171000B0B5DDF810C0054601EB0C0029806FF074
:101720000301AA6001EB800118461C46FEF77CFE0F
:101730006C60B0BDF0B54C1E4FF0000CBCEB940FCC
:1017400090ED000A00F1040E3AD001262546A708C4
:1017500066F301057E424FF0000C04279EED001A4F
:101760009EED012A80FE014AB4EEC10A9EED023AC6
:10177000F1EE10FA84FE021AB4EEC24A9EED030A9C
:10178000B8BFA7F1030CF1EE10FA81FE032AB4EE04
:10179000C31A0EF1100EB8BFA7F1020CF1EE10FA49
:1017A000B4EEC02A82FE000AB8BFA7F1010CF1EE28
:1017B00010FAB8BFBC4604370136CFD100EB850E16
:1017C00014F0030012D040429EED001AB4EEC10A9C
:1017D00080FE011A0EF1040EF1EE10FAB8BF01EB13
:1017E000000CB0EE410A0130EED101E0B0EE401A3B
:1017F00082ED001AC3F800C0F0BD0000F0B54C1E29
:101800004FF0000CBCEB940F90ED000A00F1040EB9
:101810003AD001262546A70866F301057E424FF01F
:10182000000C04279EED001A9EED012A80FE414A1D
:10183000B4EEC10A9EED023AF1EE10FA84FE421AAD
:10184000B4EEC24A9EED030AC8BFA7F1030CF1EE45
:1018500010FA81FE432AB4EEC31A0EF1100EC8BF6F
:10186000A7F1020CF1EE10FAB4EEC02A82FE400A93
:10187000C8BFA7F1010CF1EE10FAC8BFBC4604378F
:101880000136CFD100EB850E14F0030012D0404298
:101890009EED001AB4EEC10A80FE411A0EF1040E4C
:1018A000F1EE10FAC8BF01EB000CB0EE410A0130B6
:1018B000EED101E0B0EE401A82ED001AC3F800C08C
:1018C000F0BD0000B0B50025B5EB930F31D09D08F9
:1018D000C5F1000C90ED000A91ED001A20EE010A0E
:1018E00000F1100E01F1100402F1100582ED000A62
:1018F0001CF1010C90ED010A91ED011A20EE010A94
:1019000082ED010A90ED020A91ED021A20EE010A21
:1019100082ED020A90ED030A91ED031A20EE010A0E
:101920007046214682ED030A2A46D3D121462A4633
:10193000704613F003030DD05B4200BFB0EC010A08
:10194000B1EC011A20EE010A151D013382ED000AE7
:101950002A46F3D1B0BD00002DE9F04F88B08C08C5
:10196000059204EB4407019026010094151D07968B
:1019700000220494FF000393A2EB910603EB4302C1
:1019800004304FEAC40E4FEA031A4FEAC30B4FEA82
:10199000C2093A462C462F46079B00EB0E0800EB87
:1019A000030C831810ED010A90ED001A18ED012ABE
:1019B00098ED003A1CED014A9CED005A13ED016AC6
:1019C00093ED007A70EE040A013672EE061A71EE9B
:1019D000052A73EE073A32EE462A31EE451A33EE07
:1019E000473A30EEA15A32EEA37A30EE440A72EE54
:1019F000E32A71EE423A17ED014A97ED006A00EDD5
:101A0000015A70EEE10A80ED007A70EE031A14EDCF
:101A1000015A23EE857A00F1080031EE021A57448C
:101A200094ED002A30EE430A5C4423EE823A01EE44
:101A3000C27A22EE862A01EE853A15ED015AD5EDDD
:101A4000001A64EE222A4D4400EE842A21EE214A37
:101A500021EE051A40EEC62A08ED012A00EE054ADD
:101A600000EE611AC8ED002A0CED013A8CED007A07
:101A700003ED014A83ED001A8ED11429C0F0B48021
:101A8000049D00BF0398AA0880000292039080B2D0
:101A9000EE0007904FF0FF3000EB9500069002EB50
:101AA0004200C700D000041D4FEA021C019A4FF00B
:101AB000000900239046059A02EBC3004FEAC30ECB
:101AC00090ED000A0EF10400104490ED001A02EBB4
:101AD00003104FEA031E90ED002A0EF1040010449B
:101AE00090ED003A03EB430002EBC00EC00004305F
:101AF00010449EED004A424690ED005A4046C846CA
:101B000000EB0C0A90ED006A9AED007A00EB040BF2
:101B100076EE470A00EB070E36EE076A1BED017AF8
:101B2000DEED001A77EE612AA84437EE217A884567
:101B3000D0ED011ADBED003ADAED014ADEED015A93
:101B400071EEE46A73EEE57A71EEA41A73EEA53ACB
:101B500070EEA74A70EEE70A71EEE37A76EEE25A8B
:101B600076EEA22A76EE476A36EE076A31EEA37A5F
:101B700063EE271A62EE273A80ED006A60EE247A5F
:101B800080ED017A24EE206A304424EE227A41EE80
:101B9000257A60EE255A42EE261A43EE663A41EE69
:101BA000645A05EE226A4BED011A05EE607ACBED20
:101BB000003ACAED007ACAED015A8EED006A8EED48
:101BC000017A9DD3079809F10109034406988145DC
:101BD00002F108027FF66EAF04981328029D4FEAC7
:101BE000900004903FF64EAF00984042019900BF2C
:101BF00091ED000A91ED011A91ED022A91ED033A5F
:101C000091ED044A91ED055A91ED066A91ED077A3E
:101C100070EE040A013030EE440A31EE054A31EE2E
:101C2000451A32EE065A73EE071A32EE462A33EEA2
:101C3000473A30EE856A34EE217A30EEC55A34EEFA
:101C4000614A81ED006A30EE036A81ED017A31EE7E
:101C5000427A81ED025A30EE430A81ED034A31EEB9
:101C6000021A81ED046A81ED057A81ED060A81EDA3
:101C7000071A01F12001BBD108B0BDE8F08F0000C8
:101C80002DE9F04F81B02DED048B88B08C080592C2
:101C900004EB4407019026010094151D07960022CD
:101CA0000494FF000393A2EB910603EB430204307C
:101CB0004FEAC40E4FEA031A4FEAC30B4FEAC209B8
:101CC0003A462C462F4600BF079B00EB0E08034404
:101CD00000EB020C10ED011A90ED002A13ED013A11
:101CE00093ED004A18ED015A98ED006A1CED017A57
:101CF000DCED000A71EE031A013675EE072A72EE6A
:101D0000043A76EE204A31EE431A32EE442A36EE99
:101D1000604A31EEA26A73EEA40A35EE475A71EEBC
:101D2000E21A71EE442A17ED013A97ED007A00EDC0
:101D3000016A73EEE43AC0ED000A72EE054A94EDD2
:101D4000006A62EE860A00F1080031EE041A574478
:101D500014ED014A32EE452A5C4422EE845A44EEE8
:101D6000840A21EE834A04EEC65A15ED016AD5EDC8
:101D7000002A61EE871A4D4403EEC74A21EE067A27
:101D800021EE221A43EE231A08ED014A02EE627A8E
:101D900002EE061AC8ED001A03ED015AC3ED000A5F
:101DA0000CED017A8CED001A8ED11429C0F0B480AC
:101DB000049D00BF0398AA0880000292039080B29D
:101DC000EE0007904FF0FF3000EB9500069002EB1D
:101DD0004200C700D000041D4FEA021C019A4FF0D8
:101DE000000900239046059A02EBC3004FEAC30E98
:101DF00090ED001A0EF10400104490ED002A02EB61
:101E000003104FEA031E90ED003A0EF10400104457
:101E100090ED004A03EB430002EBC00EC00004301B
:101E200010449EED005A424690ED006A4046C84676
:101E300000EB0C0A90ED007ADAED000A00EB040BDF
:101E400077EE601A00EB070E37EE207A5BED010AA1
:101E5000DEED002A70EEE23AA84470EEA20A884550
:101E6000D0ED012ADBED004ADAED015ADEED016A20
:101E700072EEE57A34EEE68A72EEA52A74EEA64A90
:101E800071EEC85A71EE881A32EEE48A77EEA36AD0
:101E900077EEE33A77EE607A37EE207A23EE089A0F
:101EA00063EE270A72EEA42A80ED007A04EE279AE8
:101EB00061EE254A62EE255AC0ED012A65EE217ACF
:101EC000304426EE217A44EE480A42EE664A41EE5C
:101ED000265A46EE637A4BED010A05EE237A8BED26
:101EE000009ACAED004ACAED015ACEED007A8EED95
:101EF000017A9DD3079809F10109034406988145A9
:101F000002F108027FF66EAF04981328029D4FEA93
:101F1000900004903FF64EAF00984042019900BFF8
:101F200091ED001A91ED012A91ED023A91ED034AEB
:101F300091ED045A91ED056A91ED067AD1ED070A0B
:101F400071EE051A013031EE451A32EE065A32EEC4
:101F5000462A33EE076A74EE202A33EE473A34EE0F
:101F6000604A31EE867A75EE220A31EEC66A35EEA7
:101F7000625A71EE441A72EE032A31EE041A32EEFE
:101F8000432A27EE003A20EE804A26EE006A25EE2C
:101F9000005A81ED003A21EE803A81ED014A22EEAD
:101FA000804A81ED026A21EE001A81ED035A22EE89
:101FB000002A81ED043A81ED054A81ED061A81ED92
:101FC000072A01F12001ABD108B0BDEC048B01B0B0
:101FD000BDE8F08FB0B52DED028B0023B3EB910F70
:101FE00015461ED08B0821F003025B429FED230AA9
:101FF000044600BF94ED001A01EE010A013394ED8E
:10200000011A01EE010A94ED021A01EE010A94EDA3
:10201000031A04F1100401EE010AEBD100EB820077
:1020200001E09FED160A11F0030207D0524200BFF3
:10203000B0EC011A01EE010A0132F9D101EE101AD9
:10204000B8EE411A80EE018AB5EEC08AF1EE10FAC0
:1020500002DA9FED0A0A0CE0B0EE480A09F0FCFC37
:10206000B4EEC00AF1EE10FA03D7B0EE480A09F058
:10207000F3FC85ED000ABDEC028BB0BD0000000052
:102080002DE9F047184E4FF40079002204464946E6
:10209000304603F030F844F4885500244FF480684B
:1020A0004FF4006730460022394603F024F8280434
:1020B00001D5012200E000224146304603F01BF822
:1020C0006D0039460122304603F015F800F00EF895
:1020D000641CE4B2102CE5D349463046BDE8F04715
:1020E000012203F008B800000000025808B50020E3
:1020F0000090401C0A280090FBDB08BD10B586B09C
:1021000014216846FEF790F91648016841F0020173
:10211000016000680121002200F002000590022306
:102120004FF4F0508DE80F000F48694602F0C0FEF2
:102130000E4C01221103204602F0DDFF0022204652
:102140004FF4006102F0D7FF002220464FF4806177
:1021500002F0D1FF01222046510202F0CCFF06B06E
:1021600010BD0000E044025800040258000002586C
:102170009FED222B2DE9F04180EE021B9FED210BFC
:1021800042F440480C4605464FF4807021EE000BA7
:10219000BDEEC00B10EE102AC2F30D06C2F38D3750
:1021A00000F034F84FF4045000F030F815B1012D70
:1021B00005D010E046F4804047F4804503E046F443
:1021C000004047F4004500F021F8284600F01EF8D2
:1021D000404600F01BF844B1022C09D0012C0AD172
:1021E0006003BDE8F04100F011B842F20200F8E7E8
:1021F00042F22800F5E7BDE8F08100000000000091
:1022000080842E4100000040E17A64412DE9F047CE
:1022100001221D4E0546D7023046394602F06BFFBB
:102220004FF48058304601224446414602F063FF95
:1022300000222146304602F05EFF00244FF4806900
:10224000280401D5012200E000224946304602F070
:1022500052FFFFF74BFF00223946304602F04BFF9A
:10226000FFF744FF01223946304602F044FF641C68
:102270006D00E4B2102CE3D341463046BDE8F04790
:10228000012202F038BF00000000025870B51E4C59
:1022900000220221204602F02EFF1C4800224FF4AB
:1022A000004102F028FF1A4D00224FF40061284639
:1022B00002F021FF00222046012102F01CFF002233
:1022C0002046042102F017FF00222046102102F0D0
:1022D00012FF00222046202102F00DFF002220469E
:1022E000402102F008FF002228464FF4805102F0FE
:1022F00002FF00222046082102F0FDFEBDE87040EA
:102300000A200AF059B90000000C025800000258D7
:10231000000802587CB5002400940194FFF7B6FF32
:1023200000F02EF84FF496700AF046F9134E4FF471
:10233000004500222946304602F0DDFE02208DF8DD
:1023400000008DF8014004228DF80240002069460B
:102350008DF8034000F0D4F88DF80440A7208DF8E4
:102360000540032201A98DF80600012000F0C8F8FD
:1023700001222946304602F0BEFE7CBD0000025814
:1023800070B5114C01220221204602F0B4FE0A2051
:102390000AF012F900222046022102F0ACFE0B4D99
:1023A0004FF4004400222146284602F0A4FE0848CB
:1023B0000022211102F09FFE21462846BDE8704010
:1023C000012202F098BE0000000C025800000258E2
:1023D000000802582DE9F041DFF84C800024134F2B
:1023E0004FF40066054631460022384602F083FE6F
:1023F00001200AF0EFF8280601D5012200E00022B2
:102400004046012102F077FE01223146384602F0B3
:1024100072FE01200AF0DEF86806641C050EE4B2C4
:10242000082CE0D3BDE8F081000C025800080258E7
:10243000F8B50E4E044600204FF4004502462946EA
:102440000090304602F057FE200A8DF8000002226C
:10245000694610468DF8014000F052F801222946E5
:10246000304602F048FE08F07FFAF8BD000002583E
:1024700038B50020009000F009FC010E8DF8001026
:10248000020C8DF801200D4D030A4FF400448DF825
:102490000230002221468DF80300284602F02BFE70
:1024A00004226946104600F02BF8012221462846F6
:1024B00002F021FE08F058FA38BD00000000025872
:1024C000F8B50E4E044600204FF40045024629465A
:1024D0000090304602F00FFE200A8DF80000022224
:1024E000694605208DF8014000F00AF801222946CE
:1024F000304602F000FE08F037FAF8BD000002583E
:1025000070B5002415460E46FFF764FF04E0305D09
:10251000FFF760FF641CE4B2AC42F8D370BD00006A
:1025200070B53A4905460068884202D0384A904260
:1025300002D1D1F8080302E03648D0F8080310F4BD
:10254000403F11D004F0EAFA04466868B0F5803FD5
:1025500006D0B0F5003F03D0B0F5403F27D101E0F1
:10256000000C18E0A40822E000214FF4002003F042
:102570003FFB044668688103890B18D181140C293C
:1025800015D2DFE801F0140606060606060B0D0F4D
:102590001113800C4000B4FBF0F408E0240906E0BD
:1025A000640904E0A40902E0E40900E0240A02F05E
:1025B000A7FD41F20301884208D8174884422868E1
:1025C000816813D821F48071816070BD134960085F
:1025D000884204D82868816821F44071F4E71049E2
:1025E000884206D82868816821F4407141F48071DE
:1025F000EAE70C4988422868816804D821F44071D0
:1026000041F40071E0E741F44071DDE70020024051
:102610000021024000600258002D3101105E5F0071
:1026200020BCBE0040787D0110B5846B616D11F057
:10263000500F06D0616DC90625D5204600F09FFEDB
:1026400010BD606D40F40070606520680168090786
:1026500007D505F05AFF90B12068C068800403D503
:102660000DE0C06880070AD1606D20F4807060655D
:10267000606DC00403D4606D40F0010060652046C9
:1026800000F06AFE10BDE16CC96CBDE8104008475F
:1026900010B5806B416D41F040014165816D41F0A5
:1026A0000401816500F06BFE10BD10B5806B00F079
:1026B00065FE10BD70B50446006881688268C1F38C
:1026C000400112F0010F28D039BB816801F00D01E3
:1026D000012914D18168124A1140891C8160216846
:1026E0000320086002F012FD054612E002F00EFD24
:1026F000401B02280DD920688068C00709D0606D92
:1027000040F010006065A06D40F00100A065012060
:1027100070BD20688068C007E8D1002070BD00004F
:10272000C0FFFF7F70B504460068816811F0010F9B
:1027300040D18168204A11422DD18168D54329407A
:10274000491C816002F0E2FC1C49064620681C4BD3
:10275000884201D0984201D11A4A00E01A4A926890
:10276000984202F01F0200D0014681421DD0E2B122
:1027700020E0816811F0010F03D181682940491CD4
:10278000816002F0C3FC801B02280ED9206800681B
:10279000C043C00709D0606D40F010006065A06DB7
:1027A00040F00100A065012070BD20680168C943A8
:1027B000C907DED1002070BD3F000080002002402C
:1027C000002102400023024000630258FEE710B5DA
:1027D000846B204601F090F80120207110BD10B5E7
:1027E000846B204600F0DEFF0120207110BD10B583
:1027F000846B206940F004002061204601F07EF8DF
:102800000120207110BD10B5846B206940F00400D8
:102810002061204600F0C8FF0120207110BD10B5D6
:10282000806B01F06AF810BD10B5806B00F0BBFF43
:1028300010BD0000014801F097BC0000280A0024E8
:10284000014801F091BC0000A00A0024294A016857
:1028500091423AD0274A1832914236D0254A303236
:10286000914232D0234A483291422ED0214A6032DE
:1028700091422AD01F4A7832914226D01D4A903286
:10288000914222D01B4AA83291421ED01A4A91424C
:102890001BD0194A1832914217D0174A3032914250
:1028A00013D0154A483291420FD0134A60329142F8
:1028B0000BD0114A7832914207D00F4A90329142A0
:1028C00003D00D4AA832914211D1CAB21823103A4E
:1028D000B2FBF3F26FF30901032A02F00703074A80
:1028E000D25CC26500D9091D81650846704721F098
:1028F000FF01F9E710000240100402405CFA0008F2
:1029000030B5224A012301689142CAB21BD01F4C44
:102910001434A14217D01D4C2834A14213D01B4CB3
:102920003C34A1420FD0194C5034A1420BD0174C6B
:102930006434A14207D0154C7834A14203D0134C23
:102940008C34A1420CD11421114C083AB2FBF1F1A4
:102950000F4A803201F01F0504EB8101AB4010E00B
:102960000C4D1824103A0D44B2FBF4F1A82D00D8F8
:102970000831094A01F01F0402EB8101064AA34015
:102980008032603080E80E0030BD000008540258EC
:1029900000580258F0FBFDBF0008024010B5027954
:1029A000531E072B2DD8174C0168A1421BD0154C84
:1029B0001434A14217D0134C2834A14213D0114C27
:1029C0003C34A1420FD00F4C5034A1420BD00D4CDF
:1029D0006434A14207D00B4C7834A14203D0094C97
:1029E0008C34A14203D10849074C443102E0074925
:1029F000064C443104EB8202C0E91B2101219940BD
:102A0000416710BD08540258FC580258FC080240A7
:102A100010B583694FF0C074826A0146002053B13B
:102A2000B3F5005F15D072B1012A0CD0022A0AD08A
:102A3000032A09D104E01AB1012A06D0022A03D1DF
:102A4000C96AC90100D5012010BDC96AA142FAD0E6
:102A500010BD002AF7D0012AF2D0022AF3D0032AAF
:102A6000F3D010BD2DE9F04F804E804FDFF8FC9180
:102A70001836DFF8F8A148370468856D0AF1300A86
:102A8000DFF8ECB14C45DFF8ECC1DFF8ECE16DD0DC
:102A9000B4426BD0544569D0BC4267D0DFF8D081D6
:102AA000A8F11808444561D05C455FD064455DD00D
:102AB00074455BD0DFF8C481444557D0DFF8BC8152
:102AC00008F11808444551D0DFF8B08108F130080A
:102AD00044454BD0DFF8A48108F14808444545D06F
:102AE000DFF8988108F1600844453FD0DFF88C8119
:102AF00008F17808444539D0DFF8808108F1900862
:102B0000444533D0DFF8748108F1A80844452DD03E
:102B1000DFF86C81444529D0DFF8648108F114089E
:102B2000444523D0DFF8588108F1280844451DD0DA
:102B3000DFF84C8108F13C08444517D0DFF84081AC
:102B400008F15008444511D0DFF8348108F16408D9
:102B500044450BD0DFF8288108F17808444505D0BA
:102B6000DFF81C8108F18C08444509D1D0E91948E7
:102B7000C4F80480C46E1CB1D0E91C48C4F80480B9
:102B800004684C452ED0B4422CD054452AD0BC42C7
:102B900028D0374E183EB44224D05C4522D064453C
:102BA00020D074451ED0354EB4421BD0334E18365B
:102BB000B44217D0314E3036B44213D02F4E48367F
:102BC000B4420FD02D4E6036B4420BD02B4E783627
:102BD000B44207D0294E9036B44203D0274EA836CF
:102BE000B44215D190F85C603F2406F01F06B44053
:102BF000AC600468256825F4802525602EE09A6085
:102C00000068C160BDE8F08F99600068C260F9E7B4
:102C10001B4EB4421BD01A4E1436B44217D0184E75
:102C20002836B44213D0164E3C36B4420FD0144E60
:102C30005036B4420BD0124E6436B44207D0104E18
:102C40007836B44203D00E4E8C36B442DAD190F8C6
:102C50005C60012406F01F06B4406C600468636089
:102C60008368402B0368CFD1C9E700001000024001
:102C700088000240A0000240B80002401004024058
:102C800008540258704772B6FEE70000044890ED01
:102C9000001B21EE000BBCEEC00B10EE100A7047BB
:102CA000B0000024F8B50027044615460E460097EC
:102CB00090F8500001280BD0012084F850002046E5
:102CC000FFF7F8FC0100606D04D040F010002DE02B
:102CD0000220F8BD20F4885040F0020060652068B2
:102CE00006F4803205F08043134D1A4383682B406D
:102CF0001A4342F000428260104A20680EE0009BB6
:102D00005B1C0093934209D3606D84F8507020F0EF
:102D1000020040F0100060650120F8BD8368DB0F01
:102D2000EDD1606D20F0020040F0010060650846C2
:102D300084F85070F8BD0000C0FFFE3F00F8C325C6
:102D40002DE9F0470F4690F850109AB0044601293B
:102D50004FF0000915D00026DFF8F880012084F834
:102D6000500015961696216841450ED13A4D0095B2
:102D7000284605F0C6FB8246206805F0C2FB60B11C
:102D80000EE002201AB0BDE8F087606D84F8506054
:102D900040F0200060650120F4E7BAF1000F09D08F
:102DA000616D4FF0010941F020006065484684F8EC
:102DB0005060E7E720684146884201D0A84201D12F
:102DC000264800E0264840F61F72D7F800C0254B81
:102DD000BCF1000F23D0D0F808C0D7F804802CF441
:102DE000404C4CEA080CC0F808C0D4F800C08C4530
:102DF00001D0AC4507D18968AB6801F0010103F04F
:102E00000103194302E0996801F001010029CDD1C5
:102E1000BD683968836829439343194317E087687D
:102E200027F44047876027688F4201D0AF4207D11F
:102E30008968AB6801F0010103F00103194302E066
:102E4000996801F001010029B0D181689143816046
:102E5000ACE70000002002400021024000230240B5
:102E600000630258006002582DE9F04399B0904683
:102E700089460446006805F044FB68B994F85000A0
:102E8000012809D0364E01212068364FB04284F81F
:102E9000501005D1394604E0022019B0BDE8F08396
:102EA00001464FF00005814201D0204614E01595FF
:102EB00016952068B84205D120460096FFF732FCEF
:102EC00048B10CE0009584F85050606D40F020004F
:102ED00060650120E1E76846FFF724FC10B184F843
:102EE0005050DAE7606D1C2140F60162904340F4D7
:102EF00080706065A565E26C1B48D063E26C1B487E
:102F00001064E26C1A48D0642068016084F8505064
:102F10002068416841F0100141602168B14201D14F
:102F2000384600E00846884206D0E06C403143460F
:102F30004A4601F06FFEB0E7B94201D0B14201D17B
:102F40000C4900E00C494346E06C4A460C3101F064
:102F500061FE2168094B8A681A40121D8A609CE74D
:102F6000002102400020024029260008AB2600086C
:102F7000912600080023024000630258C0FFFF7F33
:102F80002DE9F84F4FF0000B0D46E54F0446CDF804
:102F900000B0D94690F85010DFF888A3012907D077
:102FA000012684F85060206805F0A7FA18B168E19E
:102FB0000220BDE8F88F286800280DDB2168030394
:102FC000CA6927D090FAA0F0B0FA80F000F01F0094
:102FD00006FA00F00243CA61D5E900124FF00C0C6A
:102FE00020681F23C1F384610CEA921C02F01F02C7
:102FF000604493409140026B9A430A430263206805
:1030000005F07BFA8046206805F073FA58EA000064
:1030100003D07FE0C0F38460D8E72068AA682968FD
:1030200005F07BFAC0480068B6EB107F06D1216836
:103030006869C968C1F38201490008E02068C16875
:10304000C906C1686869F5D501F0100149088840D2
:10305000296904292ED023682A6803EB810102F034
:10306000F8420B6E024303F0004010430866697E8D
:1030700022682869012917D05FF0000102EB800067
:10308000026E22F000420A430266297E20682A6905
:1030900001290CD00021036902F01F02914023F4A2
:1030A000F0420A43026135E04FF00041E6E74FF499
:1030B0000061F0E720682978026E02F0F842B2EB76
:1030C000816F03D1016E21F00041016620682978EB
:1030D000426E02F0F842B2EB816F03D1416E21F0F3
:1030E0000041416620682978826E02F0F842B2EB16
:1030F000816F03D1816E21F00041816620682978BB
:10310000C26E02F0F842B2EB816F03D1C16E21F0C2
:103110000041C1662068816811F0010F76D150F836
:10312000C02F95F80CC0814B29680CF0180823FAC1
:1031300008F3C1F3130C0B4022EA0C021A4302609D
:103140007B48E968814277D1286801031BD090FA57
:10315000A0F1B1FA81F1491C01F01F0109294FEAE0
:10316000003131D8002911D090FAA0F1B1FA81F1E3
:1031700001F1010101F01F0106FA01F609D100BFBA
:10318000C0F3846109E0C0F38461E4E7C0F38461C3
:10319000EEE790FAA0F1B1FA81F101F1010101F03D
:1031A0001F0146EA816102D1C0F3846003E090FA16
:1031B000A0F0B0FA80F000F1010000F01F0000EB79
:1031C000400041EA005133E000290ED090FAA0F10E
:1031D000B1FA81F101F1010101F01F0106FA01F6D6
:1031E00006D100BFC0F3846106E0C0F38461F1E75B
:1031F00090FAA0F1B1FA81F101F1010101F01F0192
:1032000046EA816103D1C0F3846004E03FE090FAB4
:10321000A0F0B0FA80F0474A00F1010000F01F0072
:1032200000EB400002EB005041EA000141F0007168
:10323000AA68206805F071F92E68002E27DA3E4A48
:1032400020683E49DFF8F8C0904201D0B84201D171
:103250000B4600E063469B68904203F0E07301D0A8
:10326000B84209D19568D7F8088005F0010508F043
:10327000010845EA080503E0DAF8085005F0010501
:103280004DB1616D4FF0010941F020006065484685
:1032900084F850B08DE62B4DAE421CD11D021AD4DD
:1032A0005045F4D1904202D0B84200D061468A68BD
:1032B00043F4000022F0E07202438A60234922486E
:1032C0000968B1FBF0F04000801C00E0401E009057
:1032D0000028FBD1DBE71E4DAE420CD1DD010AD444
:1032E0005045D4D1904202D0B84200D061468A689D
:1032F00043F080700EE0174DAE42C8D15D02C6D4D7
:103300005045C4D1904202D0B84200D061468A688C
:1033100043F4800022F0E07202438A60B7E70000C5
:1033200000210240006002580010005CFFFF0F0007
:103330000000FF47000020FE002002400023024062
:1033400000630258000084CB400D030024000024D9
:10335000000052C70000B8CF10B500680449884289
:1033600005D1044804F0CCF903490120C88010BD00
:1033700000200240FC080024B80000247047704779
:10338000F8B54FF0000604003546009602D0606D97
:1033900010B107E00120F8BD204600F005F9A66550
:1033A00084F8506020688168C1F3407119B1816868
:1033B000704A1140816020688168C1F3007181B951
:1033C00081686D4A114041F0805181606C496B48C1
:1033D0000968B1FBF0F0401C00E0401E009000289E
:1033E000FBD120688168C1F3007141B9616D01258D
:1033F00041F010016165A16D41F00101A16505F089
:103400007CF8616DC90600D420B1606D012540F0E3
:10341000100093E0606D20F4807040F00200606561
:103420002068816811F0010F1FD1564A564B904217
:1034300001D0984207D191689E6801F0010106F021
:103440000106314303E05149896801F0010161B986
:10345000904201D0984201D14D4800E04D48826829
:10346000616822F47C120A43826001F049FE41F255
:103470000301884202D9A06810280CD0617D227F08
:10348000A368206B490341EA024118430843217FA6
:1034900001290CD010E0607D227F216B400340EABF
:1034A000024241F01000104340F00C00EFE7218C85
:1034B000394A02EB41410843616A29B1A26A01F429
:1034C0007871014342EA01002168344BCA681A400E
:1034D0000243CA60206805F010F80646206805F02F
:1034E00008F830431DD1216844F20303267DE26AC7
:1034F000C86842EA863298431043C86094F838009E
:1035000001281ED02068016921F0010101612068B5
:10351000626B016921F07041114301612046FEF7A1
:10352000FFFFE068012820681CD0016B21F00F012B
:103530000163606D20F0020040F0010060652846E4
:10354000F8BD2068A28F164FD4E9101C154E07EB6A
:103550000247A36C026941EA0C013B433240194324
:103560001143D3E7A269016B521E21F00F011143F1
:10357000DEE70000C0FFFF5FC0FFFF7F400D0300DC
:103580002400002400200240002102400060025874
:1035900000230240006302580000FEFF03C0F0FF5A
:1035A0000100FFFF1EF800FCF0B587B006461421AD
:1035B0006846FCF739FF304A002530494FF00304D4
:1035C00037682F4B10688F422E4900F1010034D12B
:1035D0000128106007D1186840F0200018601868B2
:1035E00000F020000590086840F0040008600868BA
:1035F000694600F00400059010208DE83100224853
:1036000001F056FC214C092121484FF4807C021521
:1036100084E823001701C4E9035283142046C4E957
:1036200007C56562C4E9053701F012F908B1FFF773
:103630002AFBF464A66307B0F0BD164EB742FAD178
:103640000128106007D1186840F020001860186841
:1036500000F020000590086840F00100086008684C
:10366000694600F00100059040208DE831000A48CD
:1036700001F01EFCDFE700001400002400200240DF
:10368000D8440258E044025800080258280A00248E
:103690001000024000210240000002582DE9F041D4
:1036A0003B4D044600683B4FA84201D0B84201D1CF
:1036B000394900E03949896801F01F0604F01DFF0F
:1036C00018B102210846BDE8F08194F850000128A5
:1036D0000CD0012084F850002046FFF723F80100A9
:1036E0004FF0000204D084F85020EBE70220EAE714
:1036F000636D40F6016C206823EA0C03B84243F482
:103700008073636501D12B4600E00346834200D0FD
:103710001EB9636D23F480136365636DDB0404D508
:10372000A36D23F00603A36500E0A2651C230360DC
:1037300084F850202068B84201D12A4600E00246B1
:10374000824215D0A6B1052E12D0092E10D0626D7E
:10375000B84242F48012626500D00546E8688001F4
:10376000B0D5606D20F4005040F480506065A9E74A
:10377000C268920105D5626D22F4005242F4805273
:1037800062658268064B1A40121D82609AE700004B
:103790000020024000210240002302400063025842
:1037A000C0FFFF7F70477047704700002DE9F05F52
:1037B000040017460D464FF0000B0FD075B160792D
:1037C00001280ED04FF0010A84F805A002212171D2
:1037D000286807F01006042805D04BE00120BDE85A
:1037E000F09F0220FBE701F091FC80464FF00309B7
:1037F0005FB125E001F08AFCA0EB0800012805D9A3
:103800002068406B384201D012E03A4F2068406B8C
:103810003842EFD12168A869086418E001F076FC0D
:10382000A0EB080001280BD92068406B002807DABC
:10383000216941F00801216184F804900320CEE75A
:103840002068406B0028E9DB2168A869486440F2E1
:10385000FF332168EA69B340886CB2409843104353
:1038600088642068FF222B6AB240C16CB340914348
:103870001943C1642869012808D122681F23696996
:10388000906BB340B1409843014391632368072193
:10389000E868DA6BB140012822EA010203D002286D
:1038A00026D0A86820B30021AF68286838430843B1
:1038B0004FF48041B0401043D8632068B1400268A3
:1038C0008A4302602268116840F6FE736868B3405C
:1038D0009943B04008431060C021B140206802689D
:1038E0008A43026084F804A000206071584676E79D
:1038F0000121D9E70080002070477047704770B5FC
:10390000040003D02079002510B105E0012070BD2E
:103910002046657100F008F802212171012025611F
:103920002071002070BD0000F0B587B0054614215D
:103930006846FCF779FD1E492868884236D11D4843
:10394000016841F000510160006800F000500590EE
:1039500018480838016841F001010160006800263C
:10396000032100F00100059030208DE8430012484B
:10397000694601F09DFA114C4321114840224FF451
:10398000807E4FF4005C84E8470004F110010315C9
:10399000C7142046C4E907E6666281E8881000F093
:1039A00057FF08B1FFF76FF9AC60A56307B0F0BD32
:1039B00000740040E844025800000258A00A0024A5
:1039C0002800024018B54FF00004009440B1006890
:1039D0000090104431B1143000900360002018BDF5
:1039E000012018BD0830F7E7F0B500B34279012A8D
:1039F0001FD00122427102230371066801F01004F6
:103A000002FA04F537682F4337600029016812D0A5
:103A10000D68A34005F478149C4203D14B6843F031
:103A200002034B600021027141710846F0BD012084
:103A3000F0BD0220F0BD0B68C3F34403012BF1D1AC
:103A40004B6843F00103ECE72DE9F0410400174611
:103A50000D4606981BD0617901291BD0012666719D
:103A600002212171C5B1E168294ACA63E268294986
:103A70001164E2682849D16421680A6842F08052E2
:103A80000A6040B32268042828D01C3227E00120B5
:103A9000BDE8F0810220FBE7A168204ACA63A26862
:103AA0001F491164A2681F49D16421680A6842F461
:103AB00080520A6020B12268042804D0103203E04A
:103AC0002268083200E00C322068016841F400519D
:103AD0000160A06809E02268143200E01832206812
:103AE000016841F000510160E068394601F092F848
:103AF0000021617120B1216941F004012161C7E712
:103B0000216805F010030A689E4032430A60BFE74F
:103B1000DF2700082928000807280008CF27000809
:103B20001F280008EF27000870B504001FD0226886
:103B30000125002901F010004FF48053116803FAA9
:103B400000F321EA0301116005FA00F3206801681F
:103B500021EA030101600CD0E06800F013F820684E
:103B6000016821F0005101602571002070BD012025
:103B700070BDA06800F006F82068016821F40051CB
:103B8000F1E700002DE9F84F044601F0BFFA00907C
:103B90003CB194F83500022806D0802161650020F0
:103BA000E4E00120BDE8F88FC74DC74EC64918357F
:103BB00020683036DFF81483DFF814938842DFF88A
:103BC00014A3DFF814B32ED0A8422CD0B0422AD0D0
:103BD000404528D0484526D0504524D0584522D0CD
:103BE000BD4A183290421ED0BC4A90421BD0BB4AFC
:103BF0001832904217D0B94A3032904213D0B74AA7
:103C0000483290420FD0B54A603290420BD0B34A4E
:103C10007832904207D0B14A9032904203D0AF4AF6
:103C2000A832904209D1026822F01E020260206888
:103C3000426922F08002426103E0026822F00E0233
:103C4000026027688F4238464DD0A8424BD0B04220
:103C500049D0404547D0484545D0504543D05845C8
:103C600041D09D4A183290423DD09C4A90423AD071
:103C70009A4A1832904236D0984A3032904232D026
:103C8000964A483290422ED0944A603290422AD0CE
:103C9000924A7832904226D0904A9032904222D076
:103CA0008E4AA83290421ED08D4A90421BD08C4A38
:103CB0001432904217D08A4A2832904213D0884A50
:103CC0003C3290420FD0864A503290420BD0844A08
:103CD0006432904207D0824A7832904203D0804AC0
:103CE0008C32974204D1206E026822F48072026006
:103CF00075492068884228D0A84226D0B04224D0F6
:103D0000404522D0484520D050451ED058451CD0B3
:103D100071491831884218D07049884215D06F49CE
:103D20001831884211D06D49303188420DD06B492D
:103D30004831884209D069496031884205D06749D5
:103D40007831884201D065499031016821F0010144
:103D500001600EE001F0DAF90099401A052808D94F
:103D6000202262650321002084F8351084F8340095
:103D700017E73868C007EDD1534A01212068904207
:103D80002ED0A8422CD0B0422AD0404528D0484559
:103D900026D0504524D0584522D04F4B1833984256
:103DA0001ED04E4B98421BD04C4B1833984217D024
:103DB0004A4B3033984213D0484B483398420FD087
:103DC000464B603398420BD0444B7833984207D02F
:103DD000424B9033984203D0404BA833984208D1CD
:103DE00094F85C703F23A06D07F01F07BB40836011
:103DF00007E094F85C30A06D03F01F0301FA03F3B1
:103E00004360206890424DD0A8424BD0B04249D088
:103E1000404547D0484545D0504543D0584541D00E
:103E20002D4A183290423DD02C4A90423AD02B4A2B
:103E30001832904236D0294A3032904232D0274A46
:103E4000483290422ED0254A603290422AD0234AEE
:103E50007832904226D0214A9032904222D01F4A96
:103E6000A83290421ED01E4A90421BD01C4A1432E7
:103E7000904217D01A4A2832904213D0184A3C3246
:103E800090420FD0164A503290420BD0144A6432FE
:103E9000904207D0124A7832904203D0104A8C32B6
:103EA00090420BD1D4E919024260E06E30B1026851
:103EB00022F480720260D4E91C024260002084F87F
:103EC000351084F834006DE61000024058000240BE
:103ED0007000024088000240A0000240100402402E
:103EE000085402582DE9F05F28B190F835100229E6
:103EF00004D0802141650120BDE8F09F904C904B9B
:103F00000168183C18338E4ADFF83C92A1428D4C70
:103F1000DFF838E28E4FDFF83CB2DFF83CA28F4D7D
:103F20008F4E31D091422FD099422DD0A1422BD02B
:103F3000494529D0714527D0B94225D0DFF810C2B4
:103F40000CF1180C61451FD0DFF808C2ACF1600C11
:103F5000614519D0DFF8FCC1ACF1480C614513D0C4
:103F6000DFF8F0C1ACF1300C61450DD0DFF8E4C1F1
:103F7000ACF1180C614507D0594505D0514503D027
:103F8000A94201D0B1422CD1DFF8B4C14FF00408EE
:103F900080F83580ACF1180C61451DD091421BD0E2
:103FA000994219D0A14217D0494515D0714513D077
:103FB000B94211D06648183081420DD0654860384A
:103FC000814209D063484838814205D06148303881
:103FD000814201D05F481838086820F0010008606D
:103FE000ABE0D1F800C02CF00E08DFF854C1C1F8E6
:103FF0000080ACF1180C0168614527D0914225D0B2
:10400000994223D0A14221D049451FD071451DD0EE
:10401000B9421BD0DFF838C10CF1180C614515D03E
:10402000DFF830C1ACF1600C61450FD0DFF824C17E
:10403000ACF1480C614509D0DFF818C1ACF1300C87
:10404000614503D0DFF80CC1ACF1180CD1F800C009
:104050002CF0010CC1F800C0DFF8E4804FF0010C37
:104060000168A8F11808414546D0914244D09942D0
:1040700042D0A14240D049453ED071453CD0B942E2
:104080003AD0334A1832914236D0324A603A91429D
:1040900032D0304A483A91422ED02E4A303A91429C
:1040A0002AD02C4A183A914226D0594524D051455D
:1040B00022D0A94220D0B1421ED02A4A91421BD020
:1040C000284A1432914217D0264A2832914213D0FE
:1040D000244A3C3291420FD0224A503291420BD0B6
:1040E000204A6432914207D01E4A7832914203D06E
:1040F0001C4A8C32914218D1016E0A6822F48072F7
:104100000A6090F85C20816D02F01F020CFA02F246
:104110004A60D0E919124A60C16E31B10A6822F4CE
:1041200080720A60D0E91C124A600022016D80F89A
:1041300035C080F8342001B188470020DCE600005B
:1041400028000240580002407000024088000240EF
:10415000A00002407004024088040240A004024013
:10416000B8040240085402582DE9FC5F0446F74E9B
:104170000020DFF8D88300904FF41652F44808F17D
:104180001808A56DDFF8C493DFF8C0A3016809F132
:10419000300920680AF1480AB1FBF2F1B0420191FE
:1041A0002F68D5F800C0DFF8ACB335D0414688425F
:1041B00032D0484530D050452ED058452CD0E54916
:1041C0001831884228D0E3493031884224D0E1496F
:1041D0004831884220D0E04988421DD0DE4918315C
:1041E000884219D0DC493031884215D0DA4948314B
:1041F000884211D0DFF860E30EF1600E70450BD0FD
:10420000D54A7832904207D0D34B9033984203D0AE
:10421000D149A83188427DD194F85C20082102F070
:104220001F0201FA02F23A424AD0B04232D040456F
:1042300030D048452ED050452CD058452AD0C54ABC
:104240001832904226D0C34A3032904222D0C14A1E
:10425000483290421ED0C04A90421BD0BE4A18320B
:10426000904217D0BC4A3032904213D0BA4A4832FA
:1042700090420FD0B84A603290420BD0B64A7832A2
:10428000904207D0B44A9032904203D0B24AA8324A
:10429000904203D1026802F0040202E0026802F0D8
:1042A00008026AB1026822F00402026094F85C001D
:1042B00000F01F008140A960606D40F00100606562
:1042C00094F85C00012100F01F008140394240D089
:1042D0002068B04234D0404532D0484530D05045B7
:1042E0002ED058452CD09B4A1832904228D0994A5B
:1042F0003032904224D0974A4832904220D0964A99
:1043000090421DD0944A1832904219D0924A3032CD
:10431000904200E0AFE113D08F4A483290420FD074
:104320008D4A603290420BD08B4A7832904207D04F
:10433000894A9032904203D0874AA83290427DD178
:10434000406910F0800F04D0A960606D40F0020059
:10435000606594F85C00042100F01F008140394240
:104360003ED02068B04232D0404530D048452ED0B3
:1043700050452CD058452AD0764A1832904226D043
:10438000744A3032904222D0724A483290421ED053
:10439000714A90421BD0704A1832904217D06E4A30
:1043A0003032904213D06C4A483290420FD06A4A61
:1043B000603290420BD0684A7832904207D0664A09
:1043C0009032904203D0644AA83290424ED10068A5
:1043D00010F0020F04D0A960606D40F00400606529
:1043E00094F85C00102100F01F008140394258D041
:1043F0002068B04234D0404532D0484530D0504596
:104400002ED058452CD0534A1832904228D0514AC9
:104410003032904224D04F4A4832904220D04E4A07
:1044200090421DD04C4A1832904219D04A4A30323C
:10443000904215D0484A4832904200E014E00FD034
:10444000454A603290420BD0434A7832904207D0BE
:10445000414A9032904203D03F4AA832904207D15D
:10446000006800F0080006E0006872E70068B7E73F
:10447000006800F00400A0B1A96020680168490349
:1044800004D50068000308D5A16C07E00168C905E0
:1044900003D4016821F008010160216C09B12046B4
:1044A000884794F85C00202100F01F0081403942C9
:1044B00079D02068B04232D0404530D048452ED027
:1044C00050452CD058452AD0224A1832904226D046
:1044D000204A3032904222D01E4A483290421ED0AA
:1044E0001D4A90421BD01C4A1832904217D01A4ADB
:1044F0003032904213D0184A483290420FD0164AB8
:10450000603290420BD0144A7832904207D0124A5F
:104510009032904203D0104AA832904203D10068F2
:1045200000F0100002E0006800F00200B0B3A960E3
:1045300094F835000428206801680FD049037ED51F
:10454000006800032BD4616C2AE0000010000240D8
:1045500024000024700002401004024021F01601E3
:1045600001602068416921F080014161206C08B937
:10457000A06C20B12068016821F00801016094F866
:104580005C303F21012003F01F0300229940A96005
:1045900084F8350084F83420216D65E003E0E16B98
:1045A00009B120468847606D00287DD0606DC00746
:1045B00059D02068042184F83510B0422BD04045F2
:1045C00029D0484527D0504525D0584523D09D496E
:1045D000884220D09B49183188421CD099493031FB
:1045E000884218D09849884215D097491831884296
:1045F00011D09549303188420DD0934948318842D5
:1046000009D091496031884205D08F49783188427C
:1046100001D08D499031016821F0010101602068CD
:104620000099019A491C0091914202D80168C9077A
:10463000F6D10068C00710D003200FE0FFE7016843
:10464000C905ACD403680121002223F010030360E4
:1046500084F8351084F83420A1E7012084F835006F
:10466000002084F83400E16C00291DD002B02046FF
:10467000BDE8F05F0847754988421DD07349143181
:10468000884219D071492831884215D06F493C3190
:10469000884211D06D49503188420DD06B49643148
:1046A000884209D0694900E084E07831884203D02B
:1046B00066498C3188427DD194F85C80042701687A
:1046C00008F01F0807FA08F717EA0C0F009746D002
:1046D0004F0744D500980F04686003D5C8033CD445
:1046E000A16CC1E7880638D42068B0422DD0554966
:1046F0006039884229D0484527D0504525D05845B3
:1047000023D05049884220D04E49183188421CD0CD
:104710004C493031884218D04B49884215D04A491B
:104720001831884211D04849303188420DD046496D
:104730004831884209D0704507D0904205D0984250
:1047400003D04149A831884203D1016821F0080112
:1047500002E0016821F004010160216C84E7022776
:1047600007FA08F717EA0C0F00974ED08F074CD5C1
:1047700000980F04686003D5C80344D4616C73E7E4
:10478000880640D42068B0422FD02E496039884234
:104790002BD0484529D0504527D0584525D0294908
:1047A000884222D02749183188421ED0254930310D
:1047B000884200E044E018D02349884215D02249BD
:1047C0001831884211D02049303188420DD01E491D
:1047D0004831884209D0704507D0904205D09842B0
:1047E00003D01949A831884203D1016821F014018E
:1047F00002E0016821F00A010160012184F835100E
:10480000002084F83400E16B2EE7082202FA08F257
:1048100012EA0C0F14D0090712D5016821F00E011D
:10482000016094F85C100120002201F01F0100FAE1
:1048300001F16960606584F8350084F8342012E77E
:10484000BDE8FC9F88000240100402400854025852
:104850002DE9F05F044600F059FC002C07467DD09E
:10486000E34E022120684FF00308DFF888934FF0F1
:104870000005DFF884A3B042DFF880B334D0DC4A0F
:104880001832904230D048452ED050452CD0584553
:104890002AD0DA4A1832904226D0D84A3032904292
:1048A00022D0D64A483290421ED0D54A90421BD0E0
:1048B000D34A1832904217D0D14A3032904213D0A6
:1048C000CF4A483290420FD0CD4A603290420BD04E
:1048D000CB4A7832904207D0C94A9032904203D0F6
:1048E000C74AA83290427DD184F83510B04284F88E
:1048F00034502ED0BE49183188422AD0484528D09D
:10490000504526D0584524D0BC491831884220D083
:10491000BA49303188421CD0B8494831884218D051
:10492000B749884215D0B6491831884211D0B449E8
:10493000303188420DD0B2494831884209D0B0495F
:104940006031884205D0AE497831884201D0AC4907
:104950009031016821F00101016008E027E100BF0A
:1049600000F0D4FBC01B052801D920211CE12068E0
:104970000068C007F4D104F108002168D4E9053CBF
:104980008E4685C809681043D4E907281F43636A27
:1049900038439C4F40EA0C001043394040EA08007D
:1049A000042B40EA010003D1D4E90B121143084360
:1049B000954909686FF30F01B1F1005F0FD361688A
:1049C000A1F12902052A08D9163A032A05D9083A7D
:1049D000012A02D94F39032901D840F48010CEF8BA
:1049E000000000E023E02068676A4069042F20F09F
:1049F000070047EA00070DD1D4E90A01074349B18E
:104A00002046FEF705F828B140206065012184F8B2
:104A10003510CCE0206847612046FDF717FF94F879
:104A20005C203F2102F01F029140816054E0774AF0
:104A300090421BD0754B1433984217D0734B2833D8
:104A4000984213D0714B3C3398420FD06F4B503388
:104A500098420BD06D4B6433984207D06B4B783340
:104A6000984203D0694B8C3398427DD184F835103D
:104A700084F83450664B0168A26801EA030E402AAC
:104A800073D0802A72D00022D4E90378D4E90531AA
:104A900042EAD70242EAD8085C4AD4E9077C48EAED
:104AA000D30848EAD10141EAD701524241EA1C1138
:104AB000142341EA0E01016020681044B0FBF3F0BA
:104AC0008000E0652046FDF7C1FE94F85C200121DE
:104AD00002F01F02914041602068B04257D0444923
:104AE0001831884253D0484551D050454FD0584591
:104AF0004DD042491831884249D04049303188422E
:104B000045D03E494831884241D03D4988423ED057
:104B10003B49183188423AD039493031884236D041
:104B200037494831884232D03549603188422ED0E9
:104B30003349783188422AD031499031884226D091
:104B40002F49A831884222D0304988421FD02F49AE
:104B5000143188421BD02D492831884217D02B4967
:104B60003C31884213D002E01DE017E018E02749ED
:104B7000503188420BD025496431884207D02349FF
:104B80007831884203D021498C31884229D120468E
:104B9000FDF7B6FEA06880280CD00CE0102273E769
:104BA0004FF4804270E74021616584F83580012030
:104BB000BDE8F09F6560216E20790860D4E9190195
:104BC00041606068401E072808D82046FDF7E6FED1
:104BD000E06E0560D4E91C01416002E0E5662567EE
:104BE00065670120656584F835000020E0E7000076
:104BF0001000024040000240580002407000024095
:104C0000100402403F8010FE0010005C085402585F
:104C10000F00FEFF2DE9F84F04008C464FF0000016
:104C2000009014D094F83400012812D094F8355034
:104C30000120002184F83400012D0CD0C0026065F1
:104C40000120009084F834100098BDE8F88F01200E
:104C5000FBE70220F9E78C4D0226206884F83560D6
:104C6000A8428A4D61658A4E8A4FDFF82C82DFF8B0
:104C70002C92DFF82CA2DFF82CB226D0A84224D048
:104C8000B04222D0B84220D040451ED048451CD06A
:104C900050451AD0584518D08349884215D08249CA
:104CA0001831884211D08049303188420DD07E4978
:104CB0004831884209D07C496031884205D07A4920
:104CC0007831884201D078499031016821F00101A2
:104CD000016061462046FDF7C5FE6B4920688842A9
:104CE0002CD0A8422AD0B04228D0B84226D0404585
:104CF00024D0484522D0504520D058451ED06A4A7D
:104D000090421BD0684A1832904217D0664A30321F
:104D1000904213D0644A483290420FD0624A6032C7
:104D200090420BD0604A7832904207D05E4A90326F
:104D3000904203D05C4AA83290420CD1026822F023
:104D40001E0242F016020260206C88B120680268E0
:104D500042F008020BE0026822F00E0242F00A0262
:104D60000260206C20B12068026842F004020260F8
:104D7000206888424BD0A84249D0B04247D0B842C0
:104D800045D0404543D0484541D050453FD0584597
:104D90003DD0454A90423AD0434A1832904236D0EC
:104DA000414A3032904232D03F4A483290422ED06F
:104DB0003D4A603290422AD03B4A7832904226D017
:104DC000394A9032904222D0374AA83290421ED0BF
:104DD000364A90421BD0354A1432904217D0334A9B
:104DE0002832904213D0314A3C3290420FD02F4AA1
:104DF000503290420BD02D4A6432904207D02B4A59
:104E00007832904203D0294A8C3290420DD1206EE4
:104E10000268D20303D5026842F480720260E06E39
:104E200018B1026842F4807202602068884226D07D
:104E3000A84224D0B04222D0B84220D040451ED053
:104E400048451CD050451AD0584518D016498842BC
:104E500015D015491831884211D013493031884294
:104E60000DD011494831884209D00F49603188423C
:104E700005D00D497831884201D00B499031016845
:104E800041F001010160DFE610000240280002400D
:104E9000400002405800024070000240880002407A
:104EA000A0000240B800024010040240085402581A
:104EB0002DE9F84F03247D4D00234FF001094FF0F9
:104EC000B04B4FF00F0AE9E009FA03F73A4076D009
:104ED0000E7906F00306012E01D0022E18D1D0F86B
:104EE00008C04FEA430ECE6804FA0EF82CEA080C0C
:104EF00006FA0EF646EA0C068660D0F804C00E7973
:104F00002CEA070CC6F300169E4046EA0C064660E3
:104F10000E79F643B6070BD0C6684FEA43088F6890
:104F200004FA08FC26EA0C0607FA08F73743C760BC
:104F30000E7906F00306022E12D1DE080F694FEA41
:104F4000437C00EB8606B646366A4FEADC6C0AFA0A
:104F50000CF807FA0CF726EA08063743CEF820705B
:104F60000F7906684FEA430807F0030704FA08FCC4
:104F700007FA08F726EA0C06374307604E6816F46E
:104F8000403F1CD04A4E376847F00207376036680A
:104F90009F0706F00206009623F0030606F1B046CE
:104FA000B6463F0FD6F80864DFF808810AFA07FC16
:104FB000404526EA0C0603D14FF0000C41E06CE0BE
:104FC000DFF8F4C0604502D14FF0010C39E0DFF8A2
:104FD000ECC0604502D14FF0020C32E0DFF8E0C0D7
:104FE000604502D14FF0030C2BE0DFF8D8C06045DC
:104FF00002D14FF0040C24E0DFF8CCC0604502D1B0
:105000004FF0050C1DE0DFF8C4C0604502D14FF041
:10501000060C16E0DFF8B8C0604502D14FF0070C6F
:105020000FE0DFF8B0C0604502D14FF0080C08E097
:10503000DFF8A4C0604502D14FF0090C01E04FF049
:105040000A0C0CFA07FC4CEA060CCEF808C44F68B0
:10505000DBF80060FF0226EA020600D516435F4631
:10506000CBF80060D1F804C0DBF804605FEA8C2C58
:1050700026EA020600D516437E606E684F6826EA6F
:105080000206BF0300D516436E602E684F6826EAFD
:105090000206FF0300D516432E605B1C0A6832FA35
:1050A00003F67FF411AFBDE8F88F000080000058D0
:1050B000F444025800000258000402580008025844
:1050C000000C025800100258001402580018025830
:1050D000001C0258002002580024025800690840B1
:1050E00000D001207047426921EA02030A4043EAE6
:1050F0000241816170470AB1816170470904FBE791
:1051000001480068000C70470010005C014880688E
:10511000704700001800002430B590F84120202A84
:1051200024D190F84020012A20D0012380F840307B
:10513000242280F84120202300240268156825F0ED
:10514000010515600268156825F480551560026830
:1051500015680D43156001680A6842F001020A6093
:1051600080F8413080F84040002030BD022030BD42
:1051700030B590F84120202A22D190F84020012A11
:105180001ED0012380F84030242280F841202024C2
:1051900000250268136823F0010313600268136896
:1051A00023F4706343EA0121116001680A6842F048
:1051B00001020A6080F8414080F84050002030BD74
:1051C000022030BD70B5040004D094F841000025E1
:1051D00010B106E0012070BD204684F8405000F078
:1051E00089F9242084F841002068016821F0010138
:1051F0000160D4E9001020F07060086120688168C7
:1052000021F400418160E06821680128A06830D065
:1052100040F404408860E0680228206841682BD090
:1052200021F40061416020682021154A436813433E
:1052300043602068C26822F40042C26054F8106BD8
:105240000DCC104340EA0320F06054F81C3CD4E934
:1052500000021043186054F81C0D026842F001026D
:105260000260656484F84110256384F84250002090
:1052700070BD40F40040CDE741F40061D2E700008A
:10528000008000022DE9F84F044690F841001F46C7
:105290009046DDF828A08B4620287ED194F8400067
:1052A00001287AD0012084F84000FFF72FFF012267
:1052B000064619230090D103204602F073FFE0BB9D
:1052C0000025222184F84110102084F842006564F2
:1052D0006785618DFF2732484FF00079C4F824803C
:1052E000FF294FF08078656303D927853A460090FF
:1052F00039E0618D218500903AE05946204602F060
:1053000039FF13E002F08CFFB8B92068616A406A87
:105310000870606A401C6062208D401E81B2218549
:10532000608D401E6085608D00B169B1608D324630
:10533000514600282046E5D100E002E002F0C4FF1B
:10534000D0B10120BDE8F88F0022534680212046CD
:10535000009602F027FF0028F3D1608DFF2804D9C2
:1053600027853A4600954346C7E7608D208500951E
:105370004B4694F82820C0E720682021094AC161E3
:10538000206843681340436084F8411084F8425019
:10539000002084F84050D5E7FFE70220D2E7000064
:1053A0000024008000E800FE2DE9FF4F81B0044694
:1053B00090F8410099469046DDF838B020287BD11E
:1053C00094F84000012877D0012084F84000FFF7CE
:1053D0009DFE0122064619230090D103204602F0CB
:1053E000E1FE002853D1414921220025C4F8248040
:1053F000102084F84120FF2784F842006564A4F857
:105400002A90608D4FF080794FF0007A6563FF2815
:1054100002D94B46278505E0608D53462085000460
:10542000000C10D0226898F800009062606A401C5E
:105430006062608D401E6085208D401E2085401C6E
:105440000091C2B201E0002200910299204602F0D0
:1054500091FE13E002F064FFC8B9606A2168007829
:105460008862606A401C6062608D401E6085208D8D
:10547000401E80B22085618D01B160B1608D3246E1
:10548000594600282046E5D102F01EFFE0B1012078
:1054900005B0BDE8F08F00225B46802120460096D3
:1054A00002F080FE0028F2D1608DFF2805D9278503
:1054B0003A464B460095C8E716E0608D5346208576
:1054C000009594F82820C0E721682020084AC86188
:1054D00021684B6813404B6084F8410084F84250C7
:1054E000002084F84050D3E70220D1E7002000805C
:1054F00000E800FE10B5B6B00446142130A8FAF753
:1055000093FFC0216846FAF78FFF18492068884248
:105510002AD10020219008210446CDE900106846D8
:1055200000F0CAFC08B1FDF7AEFB1148016841F07C
:1055300002010160006830AB122100F002003590DA
:10554000C020042283E813000A4830A9CDE9334281
:10555000FFF7AEFC06480830016841F40011016015
:10556000006800F40010359036B010BD00540040C3
:10557000E04402580004025802488168027811444D
:105580008160704718000024032010B500F0FAF87D
:1055900001F00AFB0F4A104914681368C4F3032290
:1055A00003F00F038A5CC95C02F01F0201F01F01C7
:1055B000D0400A4A20FA01F11160094908600F2021
:1055C00000F010F808B1012010BD00F09BF8002099
:1055D00010BD0000184402588CFA0008280000246E
:1055E0002400002410B5102804468AB02AD20022D4
:1055F0000146192000F0A6F8192000F095F815488A
:1056000004601548016841F001010160006808A9C3
:1056100000F001000990684601F052FA01F0B2FA78
:105620000E49400000220E4CB0FBF1F10D4840F253
:10563000E7330460C0E90332491EC0E9011201F0FA
:1056400087FF10B101200AB010BD064802F012F821
:10565000F9E700001C000024F044025840420F000B
:1056600000000140180B0024154BF0B5083B4278B0
:1056700013491A600B680A1F23F001030B6043688B
:105680001360057BC67A827A437B2D07847B45EACB
:105690000665C77B90F809C0067A90F800E045EAF5
:1056A000C24040EA834040EA444040EA074040EAC2
:1056B0000C2040EA460040EA0E000860F0BD000001
:1056C000A0ED00E0BFF35F8F044800210368034AA8
:1056D00023F48033036070321160704724ED00E0E2
:1056E000074A40F00100064970321060086840F433
:1056F00080300860BFF34F8FBFF36F8F704700009B
:1057000024ED00E0074882B0016841F00201016029
:10571000006800220F2100F002000090901E02B0ED
:1057200000F010B8F4440258002809DB410900F0E9
:105730001F028900012001F1E0219040C1F8000121
:10574000704700000E4BF0B41B680D46C3F30223F4
:10575000C3F10706042E00D90426191D072901D21A
:10576000002300E0DB1E012404FA06F19C40491EE0
:105770002940641E994014402143F0BC05F033B920
:105780000CED00E0064900F0070210B54FF6FF04EB
:105790000868044B204040EA02201843086010BD0E
:1057A0000CED00E00000FA05134970B50A68D24319
:1057B000520705D5096801F00701814213D118E0AD
:1057C0000A6822F0070202430A60FFF79FFC0A4DB5
:1057D0004FF47A760446083D07E000BFFFF796FCD9
:1057E000001BB04201D9012070BD2868C04380046D
:1057F000F4D4002070BD00000C48025810B501F030
:105800008DF905490968054AC1F30211515C01F09F
:105810001F01C84010BD0000204402588CFA000847
:105820004A4930B5494C0B1D0A680C3409681D689B
:10583000246802F0030305F00102C1F30511C4F36B
:10584000CC04002914FB02F200EE102AF8EE400A04
:1058500076D0414A9FED3E1ADFED3E1AB7EE000AC0
:1058600023B1012B5AD0022B18D15CE0374C283CD5
:1058700023689B0612D5394B246801EE901A1168F3
:10588000C4F3C104F8EE612AE34001EE903AC1F39B
:105890000801F8EE611A81EEA22A07E002EE101A62
:1058A0001168F8EE422A81EEA22A45E001EE901A34
:1058B0001168F8EE611A40EE811A71EE800A62EE0C
:1058C000200AC1F3462101EE101AB8EE411A31EE5A
:1058D000001AC0EE811ABCEEE11A80ED001A1168C0
:1058E000C1F3064101EE101AB8EE411A31EE001A6A
:1058F000C0EE811ABCEEE11A80ED011A1168C1F305
:10590000066101EE101AB8EE411A31EE000A80EE7F
:10591000801ABCEEC10A80ED020A30BD01EE901A79
:10592000DFED0F2A03E001EE901ADFED0E2A116879
:10593000F8EE611A82EEA12AC1F30801B6E7FFE78B
:10594000002101604160816030BD000028440258A0
:10595000000000390024744C304402580090D003F9
:105960000024744A20BCBE4B494930B5484C0B1D3D
:105970000A68143409681D68246802F00303C5F33B
:105980000012C1F30531C4F3CC04002914FB02F268
:1059900000EE102AF8EE400A75D03F4A9FED3D1AFE
:1059A000B7EE000A6BB1DFED3D1A012B01D0022BDF
:1059B00064D002EE101A1168F8EE422A81EEA22A93
:1059C00021E0334C283C23689B0612D5344B2468D5
:1059D00001EE901A1168C4F3C104F8EE612AE340A5
:1059E00001EE903AC1F30801F8EE611A81EEA22AA5
:1059F0000BE001EE901ADFED2B2A00BFF8EE611AE2
:105A0000116882EEA12AC1F3080101EE901A116813
:105A1000F8EE611A40EE811A71EE800A62EE200AF9
:105A2000C1F3462101EE101AB8EE411A31EE001A08
:105A3000C0EE811ABCEEE11A80ED001A1168C1F3C4
:105A4000064101EE101AB8EE411A31EE001AC0EE0E
:105A5000811ABCEEE11A80ED011A1168C1F30661EA
:105A600001EE101AB8EE411A31EE000A80EE801AEB
:105A7000BCEEC10A80ED020A30BD04E001EE901ACE
:105A8000DFED092ABAE70021016041608160F3E798
:105A90002844025800000039384402580024744A4F
:105AA0000090D0030024744C20BCBE4B494930B553
:105AB000484C0B1D0A681C3409681D68246802F0F4
:105AC0000303C5F30022C1F30551C4F3CC0400293C
:105AD00014FB02F200EE102AF8EE400A75D03F4A9D
:105AE0009FED3D1AB7EE000A6BB1DFED3D1A012BB9
:105AF00001D0022B64D002EE101A1168F8EE422A8F
:105B000081EEA22A21E0334C283C23689B0612D563
:105B1000344B246801EE901A1168C4F3C104F8EE06
:105B2000612AE34001EE903AC1F30801F8EE611AF0
:105B300081EEA22A0BE001EE901ADFED2B2A00BFC6
:105B4000F8EE611A116882EEA12AC1F3080101EE94
:105B5000901A1168F8EE611A40EE811A71EE800A0F
:105B600062EE200AC1F3462101EE101AB8EE411A86
:105B700031EE001AC0EE811ABCEEE11A80ED001A77
:105B80001168C1F3064101EE101AB8EE411A31EE68
:105B9000001AC0EE811ABCEEE11A80ED011A1168FC
:105BA000C1F3066101EE101AB8EE411A31EE000A97
:105BB00080EE801ABCEEC10A80ED020A30BD04E01E
:105BC00001EE901ADFED092ABAE700210160416079
:105BD0008160F3E72844025800000039404402582D
:105BE0000024744A0090D0030024744C20BCBE4BA7
:105BF0002DE9F04FAC4A0546DFF8A8A280F480708A
:105C0000DFF8AC9289B01311AA4C0843A748AAF157
:105C100004064FF0805C4FF000582CD085F40077DC
:105C20000F4357D0DFF87CB285F480670F430BF148
:105C3000080B61D085F400670F4374D085F480575A
:105C40000F436ED085F400570F434FF480394FF463
:105C5000003E67D085F400270F4371D085F480376C
:105C60000F436ED085F480460E436BD085F400421E
:105C70000A4368D02AE0DAF8001001F0070105298C
:105C800024D2DFE801F075BC7D25B10006A8FFF73E
:105C9000C7FD079809B0BDE8F08F6846FFF764FEBE
:105CA0000098F7E703A8FFF701FF0398F2E72068E1
:105CB000C0F3C10022FA00F0ECE72268D20571D5EA
:105CC00061456FD11846E5E74145E3D00020E1E7A3
:105CD0004846DFE7DAF8001001F4E07180294FD080
:105CE00004DC002944D04029F0D188E0C029EFD05D
:105CF000B1F5807FEAD177E0DBF8001001F46001B4
:105D0000B1F5800F3CD004DC91B3B1F5001FDDD1BB
:105D100075E0B1F5C00FDBD0B1F5000FD6D163E06F
:105D200001E018E030E0DBF8001001F0E061B1F1D3
:105D3000007F25D008DCD9B1B1F1807FC6D15EE00B
:105D400049E06CE079E09CE0B1F1407FC0D0B1F176
:105D5000806FBBD148E0DAF8001001F4E041B1F502
:105D6000005F0DD005DC19B1B1F5805FAED146E022
:105D700094E0B1F5405FABD0B1F5804FA6D133E0F0
:105D800020688000A2D58DE7DAF8001001F4E02148
:105D9000B1F5403F6CD006DC61B149457AD0714520
:105DA00094D157E037E0B1F5802F65D0B1F5A02F41
:105DB0008CD10CE000F0D4FE6CE76846FFF7D4FD10
:105DC000019867E703A8FFF771FE049862E721686E
:105DD0008903F1D47AE7DBF8001011F440310ED0DA
:105DE000494510D07145F5D13168256801F0405121
:105DF0006D077FF562AF00297FF45FAF57E720683A
:105E00000001E7D549E720688000E3D503A8FFF744
:105E10004DFE05983EE722689203DBD554E73068D3
:105E200010F480303AD04845D4D120680001D1D553
:105E30006846FFF799FD02982CE7DBF8001001F0A7
:105E4000E041B1F1405F13D008DC71B1614521D070
:105E50004145BFD120688000B4D437E7B1F1804F0D
:105E60000AD0B1F1A04FB2D030E7FFF7C7FC11E77D
:105E700020684007AED51AE72068C005AAD521E7FB
:105E800008E0DAF8001011F04051A0D0614505D0CB
:105E900041459FD1206800018FD417E72068800119
:105EA00098D5F3E6504402580090D00340787D0125
:105EB0000080BB00004402582DE9FE4F0546DFF884
:105EC000E48350F8081B0024F64FC943019005F104
:105ED0002800264608F12408009008011DD4A86E69
:105EE00050B1B0F5801F0CD0B0F5001F0ED0B0F54A
:105EF000401F1ED001240FE0386840F400303860A5
:105F000017E00198022102F001FE03E0009802214F
:105F100002F08CFE04000CD026462888C043C00541
:105F200023D4A86D05281ED2DFE800F00C11161B43
:105F30001B00AA6ED8F8001021F440111143C8F8D4
:105F40000010EAE7386840F40030386009E0019852
:105F5000002102F0DBFD03E00098002102F066FE64
:105F6000044674B100E0012426462888C043800519
:105F700028D4E86D80281ED00CDC90B140280ED1CA
:105F800014E0AA6DD8F8001021F007011143C8F8F9
:105F90000010EAE7C02813D0B0F5807F10D00124AC
:105FA0000FE0386840F40030386009E001980021C3
:105FB00002F0ACFD03E00098002102F037FE044639
:105FC0009CB126462888DFF8DC92C04309F12C09F1
:105FD00040052CD4D5F8A800B0F5800F20D00DDCFA
:105FE000A0B1B0F5001F0FD115E0EA6DD8F8001090
:105FF00021F4E0711143C8F80010E3E7B0F5C00FD9
:1060000013D0B0F5000F10D001240FE0386840F431
:106010000030386009E00198002102F077FD03E0CC
:106020000098002102F002FE04467CB12646288832
:10603000C04300052DD4D5F8AC00B0F1007F21D0CD
:106040000EDCA8B1B0F1807F10D116E0D5F8A82001
:10605000D9F8001021F460011143C9F80010E6E7F7
:10606000B0F1407F13D0B0F1806F10D001240FE069
:10607000386840F40030386009E00198002102F0EF
:1060800045FD03E00098002102F0D0FD044674B104
:1060900026462868C04380011FD4E86CD8B1102878
:1060A0000FD0202812D0302815D0012414E0D5F8C4
:1060B000AC20D9F8001021F0E0611143C9F80010BC
:1060C000E7E7386840F40030386004E001980221C6
:1060D00002F01CFD044674B126462888C043C00463
:1060E0002BD4286EB0F5005F20D00DDCA0B1B0F548
:1060F000805F0FD115E06B48EA6C2030016821F019
:10610000300111430160E8E7B0F5405F13D0B0F50E
:10611000804F10D001240FE0386840F40030386020
:1061200009E00198002102F0F1FC03E00098002151
:1061300002F07CFD04468CB126462888C0438004CA
:1061400029D4686EB0F5403F23D010DC08B3B0F519
:10615000803F14D0B0F5003F0FD115E02A6ED8F87B
:10616000001021F4E0411143C8F80010E5E7B0F554
:10617000802F0ED0B0F5A02F0BD001240AE001989B
:10618000012102F0C3FC03E00098012102F04EFD62
:10619000044694B126462888C04340042AD4D5F842
:1061A000B000B0F1405F23D010DC08B3B0F1805FE5
:1061B00014D0B0F1005F0FD115E06A6ED8F800106E
:1061C00021F4E0211143C8F80010E4E7B0F1804F5A
:1061D0000ED0B0F1A04F0BD001240AE001980121AC
:1061E00002F094FC03E00098012102F01FFD044638
:1061F00074B126462888C04300041FD4286FD8B144
:10620000B0F1805F0ED0B0F1005F10D0012414E037
:10621000D5F8B020D9F8001021F0E0411143C9F8B9
:106220000010E7E7386840F40030386004E0019877
:10623000012102F06BFC044674B126462868C04375
:10624000C0011ED4A86CD0B101280ED0022811D0F4
:10625000032814D0012413E02A6FD8F8001021F08D
:1062600040511143C8F80010E8E7386840F40030A6
:10627000386004E00198022102F048FC0446ACB109
:1062800026462868DFF81CB0C043ABF11C0B400267
:1062900052D40548016841F480710160FEF736FF71
:1062A000824611E02C44025800480258FA48AA6C71
:1062B000016821F0030111430160E2E7FEF726FFC8
:1062C000A0EB0A00642835D8F4480068C005F5D56D
:1062D0008CBBDFF8C4A3B5F8B4100AF1240ADAF8CD
:1062E000000001F4407100F44070884211D0DAF8E7
:1062F0000010DAF8002021F4407142F48032CAF82C
:106300000020DAF8002022F48032CAF80020CAF80F
:106310000010D5F8B400B0F5807F1AD1FEF7F6FE74
:10632000029012E0FEF7F2FE0299411A41F2883023
:1063300081420AD9032426462878DFF85CA3C043AB
:106340000AF1080AC00721D03CE0DAF80000800713
:10635000E8D5D5F8B410C1F30120032858460DD074
:10636000016821F47C510160B5F8B420DAF800101E
:10637000C2F30B021143CAF80010DDE7C84A0368F4
:1063800002EA111223F47C511143ECE7E86F18285C
:1063900016D005DCA0B1082808D0102804D10AE0E6
:1063A00020280DD028280BD001240AE001980121D3
:1063B00002F0ACFB03E00098012102F037FC044638
:1063C00064B126462878C04380071ED4A86F0628EB
:1063D00019D2DFE800F0160C11161616EA6FDAF87B
:1063E000001021F038011143CAF80010EAE70198C3
:1063F000012102F08BFB03E00098012102F016FC62
:1064000004467CB100E0012426462878C0434007BA
:106410001FD4D5F89400062819D2DFE800F0160C36
:1064200011161616AA6FDAF8001021F007011143B1
:10643000CAF80010E9E70198012102F067FB03E0C8
:106440000098012102F0F2FB0446A4B100E001240F
:1064500026462878C04380062BD4D5F89000B0F1AA
:10646000405F24D011DC10B3B0F1805F15D0B0F1E3
:10647000005F10D116E0D5F89420D9F8001021F073
:1064800007011143C9F80010E3E7B0F1804F0ED0C7
:10649000B0F1A04F0BD001240AE00198002102F0D6
:1064A00035FB03E00098022102F0C0FB044694B1E2
:1064B00026462878C04340062BD4D5F89C00B0F57A
:1064C000406F24D011DC10B3B0F5806F15D0B0F55B
:1064D000006F10D116E0D5F89020DAF8001021F006
:1064E000E0411143CAF80010E3E7B0F5805F0ED039
:1064F000B0F5A05F0BD001240AE00198002102F062
:1065000005FB03E00098022102F090FB044694B1E1
:1065100026462878C04300062BD4D5F8A000B0F555
:10652000C04F24D011DC10B3B0F5005F15D0B0F52A
:10653000804F10D116E0D5F89C20D9F8001021F436
:10654000E0511143C9F80010E3E7B0F5004F0ED059
:10655000B0F5204F0BD001240AE00198002102F091
:10656000D5FA03E00098022102F060FB044654B122
:1065700026462878C04300071ED4D5F88400B0F51D
:10658000805F0AD00FE0D5F8A020D9F8001021F4E0
:1065900060411143C9F80010EBE70098022102F0B6
:1065A00045FB00B10126D5F88420DAF8001021F46B
:1065B00040511143CAF800102878C043C00613D4D4
:1065C000D5F89800B0F5807F05D10098022102F03F
:1065D0002DFB00B10126D5F89820D9F8001021F440
:1065E00040711143C9F800102868C043000316D455
:1065F000D5F8A40038B1B0F5803F09D0B0F5003F20
:106600000BD001240AE00198002102F07FFA03E098
:106610000098022102F00AFB04468CB12646286845
:10662000C043400322D4D5F88800B0F5801F11D0B4
:10663000B0F5001F13D0B0F5401F15D0012414E0B1
:10664000D5F8A420D9F8001021F440311143C9F83D
:106650000010E4E7386840F40030386004E0009847
:10666000012102F0E3FA04465CB126462868C043E3
:10667000C00323D4286DA8B1B0F5803F17D0012402
:106680001BE0D5F88820DAF8001021F440111143FE
:10669000CAF80010EAE700004C44025800480258CB
:1066A000CFFFFF00386840F40030386004E0019804
:1066B000022102F02BFA0446E4B126462868C043C2
:1066C000800005D40098022102F0B0FA00B1012642
:1066D0002868C04380031BD4D5F88000B0B1B0F562
:1066E000807F0FD0B0F5007F10D0B0F5407F0DD087
:1066F00001240CE05A482A6D016821F480311143CD
:106700000160DBE7386840F400303860ECB32646BF
:106710002868C043C00207D46A6FD8F8001021F07F
:1067200000411143C8F800102868C043C00008D4D5
:10673000D5F8B820DBF8001021F480411143CBF8E4
:1067400000102868C043800207D4EA6ED8F8001011
:1067500021F080711143C8F800102868C043400040
:106760000CD4DBF8001021F40041CBF80010DBF86A
:106770000010D5F8BC201143CBF800102868C043A6
:1067800008D437486A6D016800E018E021F04051F4
:10679000114301602868C043000208D4D5F88C205A
:1067A000DAF8001021F440011143CAF800102879EA
:1067B0000024C04300F0010020430AD00FE0D5F8C8
:1067C0008020DAF8001021F440711143CAF800105B
:1067D0009EE70198002102F099F900B10646287958
:1067E000C04300F00200204305D10198012102F0CE
:1067F0008DF900B106462879C04300F0040020431B
:1068000005D10198022102F081F900B106462879EC
:10681000C04300F00800204305D10098002102F099
:1068200005FA00B106462879C04300F01000204365
:1068300005D10098012102F0F9F900B10646287946
:10684000C04300F02000044304D10098022102F06C
:10685000EDF900B916B10120BDE8FE8F0020FBE77D
:106860004C4402582DE9F05F04000F467ED0DFF85B
:106870003882D8F8000000F00F00B8420CD2D8F8E7
:10688000001021F00F013943C8F80010D8F80000BB
:1068900000F00F00B84269D12078844D40070AD536
:1068A0002069296801F07001884204D9296821F023
:1068B00070010143296020787C4E361D00070AD5FF
:1068C0006069316801F07001884204D9316821F0B3
:1068D0007001014331602078C0060AD5A069316893
:1068E00001F4E061884204D9316821F4E061014398
:1068F00031602078DFF8B4B180060BF1080B0CD5BD
:10690000E1695846DBF8002002F07002914204D998
:10691000026822F070020A430260207880070AD5DC
:10692000E068296801F00F01884204D9296821F044
:106930000F01014329602078C0073ED05B49A2685F
:106940002868183920F470601043286060680228B5
:1069500018D0032819D00968012819D0490700293F
:106960004ADADFF848A1AAF1080A00E044E0DAF8C0
:10697000002022F007020243CAF80020FEF7C6FBFF
:10698000814612E009688903E9E709688901E6E7B9
:10699000C905E4E7FEF7BAFBA0EB090141F2883034
:1069A000814202D90320BDE8F09F6168DAF8000057
:1069B00000F03800B0EBC10FECD1207880070AD589
:1069C000E068296801F00F01884204D2296821F0AB
:1069D0000F0101432960D8F80010404601F00F0173
:1069E000B9420BD9016821F00F01394301600068F9
:1069F00000F00F00B84201D00120D4E72078400712
:106A00000AD52069296801F07001884204D22968FA
:106A100021F0700101432960207800070AD56069E0
:106A2000316801F07001884204D2316821F07001B0
:106A3000014331602078C0060AD5A069316801F4AD
:106A4000E061884204D2316821F4E06101433160A1
:106A5000207880060CD5E1695846DBF8002002F06A
:106A60007002914204D2026822F070020A4302606E
:106A700000F09AF80E492A682B68C2F3032203F04B
:106A80000F038A5CC95C02F01F0201F01F01D040B5
:106A9000084A20FA01F111600749086007480068B8
:106AA000BDE8F05FFEF79EBD00200052184402587A
:106AB0008CFA000828000024240000241C00002474
:106AC00070B5144C3F220260124A24680832131D2C
:106AD000114D04F00704446016681C1D06F470662E
:106AE0008660166806F00F06C660126802F0700233
:106AF00002611A6802F0700242611A6802F4E062F0
:106B00008261226802F07002C261286800F00F0002
:106B1000086070BD104402580020005230B500F0EB
:106B200043F80B4A0B490C4B15681468C5F3032254
:106B300004F00F048A5C095D02F01F0201F01F01DE
:106B4000D040064A20FA01F119601060084630BDB5
:106B5000184402588CFA000828000024240000245D
:106B600000B5FFF7DBFF05490968054AC1F30211CB
:106B7000515C01F01F01C84000BD00001C440258D8
:106B80008CFA000800B5FFF7C9FF05490968054AF6
:106B9000C1F30221515C01F01F01C84000BD00009B
:106BA0001C4402588CFA0008454970B545480968EC
:106BB000434B103B11F0380208D00111082A03D0D2
:106BC000102A0BD0182A0BD0084670BD1968890608
:106BD000FBD51968C1F3C101C84070BD3A4870BD0A
:106BE0003749374D18310C1D24350A680968266865
:106BF0002D6802F0030406F00102C1F30511C5F38C
:106C0000CC0515FB02F200EE102AB8EE400AE9B3FB
:106C10002F4ADFED2E0AB7EE001A6CB1DFED2D1A08
:106C2000012C01D0022C43D002EE101A1068F8EEAD
:106C3000422A81EEA22A1EE01C68A40611D51B6818
:106C400001EE901A1168C3F3C103F8EE612AD8402F
:106C500001EE900AC1F30800F8EE611A81EEA22A53
:106C60000BE001EE901ADFED1C2A00BFF8EE611A6E
:106C7000106882EEA12AC0F3080001EE900AF8EE37
:106C8000611A40EE201A31EE810A00E015E022EE92
:106C9000000A1068C0F34620401C00EE900AF8EE8F
:106CA000600A80EE201ABCEEC10A10EE100A70BD18
:106CB00001EE901ADFED092AD8E7002070BD000030
:106CC000104402580090D00340787D010000003944
:106CD000304402580024744A0024744C20BCBE4B3B
:106CE0002DE9F05F04007DD0FF4F2078FE4D18376E
:106CF000DFF8F493103DC00748D0D9F80000396898
:106D000000F03800102815D0182803D101F0030036
:106D100002280FD06068B0F5803F12D010B1B0F5F6
:106D2000A02F18D0286820F480302860286820F42C
:106D3000802009E02868800328D560680028D2D028
:106D400024E0286840F480302860606888B1FEF74D
:106D5000DDF9064609E0286840F480202860F0E765
:106D6000FEF7D4F9801B64286FD828688003F7D514
:106D70000CE0FEF7CBF9064605E000BFFEF7C6F9CA
:106D8000801B6428F0D828688003F7D4207841F26B
:106D90000308D54E0C3E800769D5D9F80000396844
:106DA00010F038000ED0182801D188070AD0E0680A
:106DB00090B3296821F0190101432960FEF7A6F973
:106DC000824631E02868400702D5E06800288AD072
:106DD000E168286820F0190008432860FEF796F95A
:106DE000824607E0DFE000BFFEF790F9A0EB0A0063
:106DF0000228B9D828684007F6D500BFFEF780F909
:106E000040451BD82069402812D0316821F47C31DC
:106E100041EA003030602AE018E000BFFEF776F962
:106E2000A0EB0A0002289FD828684007F6D5E5E7BE
:106E3000306820F47C3040F40030EBE7207C31688F
:106E400021F0FE4141EA0060E4E70DE1286820F00E
:106E500001002860FEF75AF9824605E0FEF756F970
:106E6000A0EB0A0002288DD828684007F6D42078C5
:106E7000C0065DD5D9F80000DFF86CB2396800F0C3
:106E80003800ABF1040B082810D0182803D101F00A
:106E9000030001280AD0E0690028286838D040F0B3
:106EA00080002860FEF732F9824623E02868C0059A
:106EB00023D5E069802876D11FE0206A202821D0E0
:106EC000316821F0F84141EA8060306030E000BF75
:106ED00094F82010DBF8002022F07C5242EA016195
:106EE000CBF8001024E000BFFEF710F9A0EB0A0079
:106EF000022898D82868C005F6D5FEF701F9404564
:106F0000E6D8DAE7306820F0F84040F08040DCE76F
:106F100020F080002860FEF7F9F8064605E000BF83
:106F2000FEF7F4F8801B02289DD82868C005F7D426
:106F30002078000729D56C486169643000298046B3
:106F4000016811D041F001010160FEF7DFF806464B
:106F500005E000BFFEF7DAF8801B0228C9D8D8F890
:106F600000008007F6D510E021F001010160FEF776
:106F7000CDF8064605E000BFFEF7C8F8801B0228E2
:106F800072D8D8F800008007F6D42078800623D580
:106F9000A0690028286810D040F480502860FEF7CF
:106FA000B5F8064605E036E1FEF7B0F8801B02288A
:106FB0005AD828688004F7D50EE020F48050286065
:106FC000FEF7A4F8064604E0FEF7A0F8801B0228AE
:106FD0004AD828688004F7D4207840074FD5DFF8D6
:106FE0000C81D8F8001041F48071C8F80010FEF749
:106FF0008DF8064605E000BFFEF788F8801B642880
:1070000032D8D8F80000C005F6D5374EA0686036F3
:1070100001280AD008B1052813D0306820F00100FB
:107020003060306820F0040002E0306840F0010079
:107030003060A06841F2883A90B1FEF767F8804668
:107040000AE0306840F004003060EEE7FEF75EF8DA
:10705000A0EB0801514507D830688007F6D50EE04F
:10706000FEF754F8804607E084E000BFFEF74EF8D4
:10707000A0EB080151457DD830688007F6D4606ADE
:10708000B0B3DFF86480D9F8001008F120084FF69B
:10709000F87B08F10409C1F3C2010329A8F1040A2D
:1070A00069D00228286820F08070286003D0FEF79D
:1070B0002DF8044684E0FEF729F8064605E000BFF7
:1070C000FEF724F8801B022877D828688001F7D4BF
:1070D000E26A40F2F331386854F8283F884340EAC6
:1070E00002101843386004E0104402580048025867
:1070F000B5E0217B434622894FF4FE0C208A4FF0F5
:10710000FE474902267D521E401EA1F50071C2F3C2
:1071100008088AB2761E0CEA004042EA08020243DE
:10712000504607EA06610A431A60DAF8002022F0A6
:107130000102CAF80020D9F80020266A22EA0B02D0
:1071400042EAC602C9F80020DAF80010A26921F06C
:107150000C011143CAF800100168E26921F0020134
:1071600011430160016841F480310160016841F41C
:10717000003101E021E027E00160016841F4802155
:107180000160016841F001010160286840F08070F1
:107190002860FDF7BBFF044605E000BFFDF7B6FF22
:1071A000001B022809D828688001F7D557E000BFE6
:1071B000FDF7ACFF001B022802D90320BDE8F09FB9
:1071C00028688001F4D44AE039680128D8F8000022
:1071D00021D0A26A01F0030393421CD1E26AC1F3F9
:1071E00005118A4217D1216BC0F30802491E8A4259
:1071F00011D1616BC0F34622491E91420BD1A16BA4
:10720000C0F30642491E914205D1E16BC0F306600E
:10721000491E814201D00120D0E7A16C4E46D9F829
:107220000000C0F3CC00814219D0DAF800005546C6
:1072300020F00100CAF80000FDF768FF4FEA0007E0
:10724000FDF764FFB842FBD0A26C306820EA0B0067
:1072500040EAC2003060286840F001002860002049
:10726000ACE700002DE9F047040029D0594A4FF05F
:1072700000092068584B594D9042C4F8289006D018
:10728000984204D0A84202D0E1680F2918D8E168DA
:107290004FF0010AE76B0831C9080AEB5716714332
:1072A000904205D0984203D0A84201D0082907D8BF
:1072B000904203D0984201D0A84204D1102902D9AB
:1072C0000120BDE8F08794F8810020B9204684F8B9
:1072D000809000F085F8022084F881002068016821
:1072E00021F0010101602068A1698268B1F1806F1D
:1072F00002F4F81110D16268B2F5800F01D01AB112
:107300000AE0A26B22B107E0A26BB2F1805F03D169
:10731000026842F4805202606068400209D5E06869
:10732000072806D32068236D026822F480721A436E
:1073300003E02068026822F480720260A66AE069B5
:10734000E26B25683043E3680A4310431843A860A2
:10735000D4E90D02D4E90581636A25691843D4F89C
:1073600020C00A43266810432843A56DD4E9017262
:10737000D4E9123140EA080040EA0C0038430843DF
:10738000104318432843F060606868B9206881683A
:1073900021F4C05141F4006181602068816821F4CA
:1073A000C06141F4806181602068016D21F00101BC
:1073B00001656068400206D52068626DC16821F0F1
:1073C00000411143C160C4F8849084F881A000207A
:1073D00077E700000030014000380040003C0040EA
:1073E00070B5B6B00446142130A8F9F71DF8C021D5
:1073F0006846F9F719F827492068884248D10021E2
:1074000080140C460225CDE900010AA92022782328
:1074100081E82C0086100D950E954000CDE90F6493
:10742000119418906846FEF747FD08B1FBF72BFC56
:107430001948016841F480510160006800F48050EF
:10744000359015481038016841F00101016001686C
:1074500001F001013591016841F00201016000680D
:10746000052630A900F00200359080203090CDE94B
:1074700031540A48CDE93346FDF71AFD1820309003
:10748000CDE93154064830A9CDE93346FDF710FD6A
:1074900036B070BD00300140F04402580000025880
:1074A000000402587047704770470000F0B590F82C
:1074B0003C20012A3BD01F4E012480F83C40022290
:1074C00080F83D2002681C4D5368B242D2F808C0D3
:1074D00001D0AA4203D14F6823F470033B430F68E5
:1074E00023F070031F4357600268B24213D0B2F119
:1074F000804F10D0114B9A420DD0114B9A420AD0B6
:10750000104B9A4207D0AA4205D00F4B9A4202D0A4
:107510000E4B9A4204D189682CF080031943916084
:10752000002180F83D4080F83C100846F0BD022064
:10753000F0BD0000000001400004014000040040D4
:1075400000080040000C00400018004000400140CE
:1075500010B5040003D094F83D0010B107E00120FD
:1075600010BD002084F83C00204600F023F80220E3
:1075700084F83D002068211D02F036FB012084F8CC
:10758000480084F83E0084F83F0084F8400084F806
:10759000410084F8420084F8430084F8440084F8F1
:1075A000450084F8460084F8470084F83D00002038
:1075B00010BD000008B50C4A01680C48914207D183
:1075C000016841F002010160006800F0020009E07A
:1075D000074A914207D1016841F004010160006847
:1075E00000F00400009008BD00040040E844025888
:1075F0000008004090F83D10012901D0012070479B
:10760000144B0222016880F83D20994214D0B1F158
:10761000804F11D0104881420ED0104881420BD0CB
:107620000F48814208D00F48814205D00E48814260
:1076300002D00E48814207D188680D4A10400628C2
:1076400006D0B0F5803F03D0086840F00100086024
:107650000020704700000140000400400008004086
:10766000000C0040000401400018004000400140B0
:107670000700010090F83D10012901D0012070475A
:10768000174A022180F83D100168CB6843F00103DE
:10769000CB600068904214D0B0F1804F11D01149F6
:1076A00088420ED0104988420BD01049884208D039
:1076B0000F49884205D00F49884202D00E498842BE
:1076C00007D181680D4A1140062906D0B1F5803FE7
:1076D00003D0016841F00101016000207047000003
:1076E000000001400004004000080040000C004081
:1076F0000004014000180040004001400700010064
:10770000016841F211130A6A1A4207D10A6A9B10F2
:107710001A4203D10A6822F001020A60012180F8AE
:107720003D1000207047000070B5044690F83C0002
:107730000025012814D03A4B012684F83C60022031
:1077400084F83D0022689068184020F47F409060E3
:10775000086870282FD010DC10F00F0F03D022E043
:107760004FF0020070BD4FEA2012072A1BD2DFE85B
:1077700002F0535353534B394100B0F1101F4BD01B
:1077800009DCB0F5805F0FD0B0F5005F1ED0B0F51A
:10779000801F08D140E0A0F5801120393CD010298D
:1077A0003AD0202938D0012584F83D60002084F8A3
:1077B0003C00284670BD4A682068D1E9021302F0F7
:1077C0007BFA2068816841F0770109E04A68206807
:1077D000D1E9021302F070FA2068816841F4804117
:1077E0008160E1E7CA684968206802F079FA206898
:1077F000502106E0CA684968206802F082FA2068D1
:10780000602102F063FACFE7CA684968206802F095
:1078100067FA20684021F4E7226801461046F0E745
:1078200088FFCEFF70472DE9F0410446006800272D
:10783000C6680569A90713D5B10711D5FA1E0261FB
:1078400001212177206880698007204602D0FFF758
:10785000E9FF04E000F08BF8204600F089F8277774
:10786000680716D5700714D5226802206FF004014E
:10787000116120772068806910F4407F204602D093
:10788000FFF7D0FF04E000F072F8204600F070F837
:107890002777280715D5300713D5226804206FF005
:1078A0000801116120772068C0698007204602D056
:1078B000FFF7B8FF04E000F05AF8204600F058F84F
:1078C0002777E80616D5F00614D5226808206FF051
:1078D0001001116120772068C06910F4407F2046B4
:1078E00002D0FFF79FFF04E000F041F8204600F0CF
:1078F0003FF82777E80708D0F00706D021686FF037
:1079000001000861204600F035F8280601D4A804DB
:1079100008D5300606D521686FF40250086120466C
:10792000FFF7C1FDE80508D5300606D521686FF4DC
:10793000807008612046FFF7B5FD680608D570061F
:1079400006D521686FF040000861204600F01CF861
:10795000A8060AD5B00608D521686FF02000086196
:107960002046BDE8F041FFF79FBDBDE8F0817047BC
:107970007047000000680349884201D1FDF7FCBD53
:107980007047000000000140704730B590F8841047
:10799000012918D0012280F884202421C0F8881001
:1079A0000022202401680B680D6823F0005325F0A5
:1079B00001050D60426601680B60C0F8884080F8E0
:1079C0008420104630BD022030BD7047704770B52E
:1079D000044690F8840001281DD0012284F88420F8
:1079E0002420C4F8880020680568026822F001029B
:1079F00002602068826822F060620A43826020464A
:107A000002F092F92268202100201560C4F8881045
:107A100084F8840070BD022070BD70B5044690F8F3
:107A2000840001281DD0012284F884202420C4F879
:107A3000880020680568026822F001020260206860
:107A4000826822F060420A438260204602F06CF9AC
:107A50002268202100201560C4F8881084F8840072
:107A600070BD022070BD7047704770472DE9F0412E
:107A700007680025044640F60F030226F8693968B6
:107A8000BA6818420AD183067ED501F0200302F0BD
:107A9000805C53EA0C0377D0616F74E1CF4BDFF861
:107AA00040C3134001EA0C0C53EA0C0C6CD05FEAA3
:107AB000C07C0CD05FEAC15C09D54FF0010CC7F85F
:107AC00020C0D4F8907047F00107C4F89070870781
:107AD00009D5D70707D027683E62D4F8906046F0F2
:107AE0000406C4F8906046070AD5D60708D0276870
:107AF00004263E62D4F8906046F00206C4F8906016
:107B000006070CD501F020061E4308D0266808237E
:107B10003362D4F8903043F00803C4F89030030582
:107B20000BD54B0109D526684FF400633362D4F8B6
:107B3000903043F02003C4F89030D4F89030002BFC
:107B40003DD0800609D501F0200002F080510843A5
:107B500003D0616F09B1204688472168D4F89000AE
:107B60008968490602D410F0280F2AD0204602F076
:107B7000C1F92068806840061ED52068083050E8AA
:107B8000001F21F0400100E021E040E80012002A3F
:107B9000F3D1D4F8800078B192490165D4F880001F
:107BA000FCF7A0F900280AD0D4F88000016D00E0AD
:107BB0002046BDE8F04108472046FFF756FFBDE8E4
:107BC000F0812046FFF751FFC4F89050F7E7D4F852
:107BD0006CC02023BCF1010F7ED15FEAC06C7BD565
:107BE0005FEAC16C78D51020386220688068400652
:107BF00073D5D4F880107C4A0868904234D07A4A11
:107C00001832904230D0784A303290422CD0764AA6
:107C10004832904228D0744A6032904224D0724A4E
:107C20007832904220D0704A903290421CD06E4AF6
:107C3000A832904218D06D4A904215D06B4A183243
:107C4000904211D0694A303290420DD0674A483292
:107C5000904209D0654A6032904205D0634A78323A
:107C6000904201D0614A903240680004000CA6D0D6
:107C7000B4F85C208242A2D9A4F85E00C869B0F5CD
:107C8000807F2FD0216851E8000F20F4807041E8F8
:107C90000002002AF6D12068083050E8001F21F0C9
:107CA000010140E80012002AF5D12068083050E8B0
:107CB000001F21F0400140E80012002AF5D1C4F86D
:107CC0008C30E566216851E8000F20F0100041E893
:107CD0000002002AF6D101E040E00BE0D4F8800079
:107CE000FBF750FF2667B4F85C00B4F85E10401A4A
:107CF00081B22FE0B4F85C00B4F85E10B4F85E20F6
:107D0000401A81B2002AB2D00029B0D0226852E8CD
:107D1000000F20F4907042E80007002FF6D1344F96
:107D2000206800F1080050E8002F02EA070240E84E
:107D3000002CBCF1000FF3D1C4F88C30E566656708
:107D4000206850E8002F22F0100240E80023002BAA
:107D5000F6D126672046FFF738FE30E7C60209D580
:107D6000560207D54FF4801038622046BDE8F04136
:107D7000FFF77ABE06060AD501F0800602F400027B
:107D8000164304D0A16F00297FF412AF17E7420613
:107D900011D54A060FD52046026852E8001F21F08F
:107DA000400142E80014002CF6D1C0F88830856705
:107DB00000F044F903E7020206D54A0004D5204644
:107DC000BDE8F041FFF74FBEC001C6D50029C4DAB7
:107DD0002046BDE8F041FFF7F9BD000001000010AA
:107DE00020010004DF9E0008100002401004024041
:107DF000FEFFFFEF10B5040003D0D4F8880010B1E7
:107E000007E0012010BD002084F88400204600F027
:107E100027F82420C4F888002068016821F00101B7
:107E20000160A06A10B1204601F0A0FF204602F0D8
:107E3000F3FA0128E6D02068416821F490414160BE
:107E40002068816821F02A0181602068016841F082
:107E5000010101602046BDE8104001F0EBBF0000C9
:107E600010B5B6B00446142130A8F8F7DDFAC021E9
:107E70006846F8F7D9FA1D492068884233D10020B6
:107E80001F9001210446CDE900106846FEF714F862
:107E900008B1FAF7F8FE1648016841F010010160D8
:107EA000006800F01000359011481038016841F06A
:107EB00002010160006830AB022100F00200359041
:107EC0004FF44040042283E813000A4830A9CDE96A
:107ED0003342FCF7EDFF002205212520FDF732FC9F
:107EE0002520FDF721FC36B010BD00000010014038
:107EF000F04402580004025830B4D0F88C30202BE3
:107F000002D0022030BC7047A9B1A2B10B4D0024B1
:107F10000368C466AB420BD05B681B0208D50468DB
:107F200054E8003F43F0806344E80035002DF6D16B
:107F300030BC02F047BC0120E4E70000000C005810
:107F40000F48002210B50178FF2906D302704FF4C4
:107F500080710C48F8F768FA06E08378094C0D2B1D
:107F60000AD063544A1C027005490122BDE8104042
:107F70000548891CFFF7C0BF625401234370F3E733
:107F8000D000002428B60224940900242DE9F843E7
:107F90000446D0F88800984616460D46202802D0A0
:107FA0000220BDE8F883A5B19EB10021C4F890106D
:107FB0002120C4F888001834FDF7A8F8814654F849
:107FC000100CA687E6872027183CB0F5805F02D00A
:107FD00003E00120E5E7206910B12E46002510E0FE
:107FE00000260EE08021204602F074FCC0B9DEB10C
:107FF00016F8010B21688862B4F85600401EA4F8F8
:108000005600B4F856004B464FF00002CDF8008001
:108010000028E7D14FF04001204602F05BFC48B158
:10802000C4F888700320BCE735F8020B2168C0F360
:108030000800E0E7C4F888700020B2E77047FEE768
:1080400001688A69D243920701D400228A620068DB
:108050008169C943C90703D0816941F00101816188
:10806000704700002DE9F047044600680026894665
:1080700017464FF0200835468169C90641D51021C1
:10808000C1612FE0B9F1FF3F2CD0FDF73FF8C11BD4
:10809000494502D8B9F1000F24D12068426894F80C
:1080A0004210836902F48042DB431B0415D4B2F50D
:1080B000804F12D0202910D0416841F480414160A6
:1080C000FDF724F8074608E0FDF720F8C01B192843
:1080D00003D9012645F0200504E020688069C043EB
:1080E0008006F1D420688069C043800602D5002E46
:1080F000C8D003E016B92168C1F81C80012645F0FC
:10810000040521688869C20505D54FF48072CA61EB
:1081100045F00105012641050AD5216880054FF487
:10812000806245F00805CA614FF0010602D40AE0FA
:10813000800507D5206801264FF4007145F002053F
:10814000C16100E08EB12046FFF77AFF2068002170
:10815000074F43683B404360606C2843606484F889
:10816000418084F8421084F840103046BDE8F08722
:1081700000E800FE70B50068C1F3090141EA024160
:10818000074D049C19434FF480664268214306EA78
:1081900054532B439A4321F000410A43426070BD7F
:1081A000FF63FF032DE9F0411D4617460E460446C6
:1081B000DDF8188028E0424629462046FFF752FFA6
:1081C00010B10120BDE8F081681C1DD0FCF79EFFB6
:1081D000A0EB0800A84200D8B5B92068806936EA4B
:1081E00000000FD00020B8420ED1626C002084F84D
:1081F0004000202142F02002626484F8411084F89B
:108200004200DEE70120EEE72068806936EA0000E0
:1082100004D00020B842CED00020D3E70120F9E7F7
:108220002DE9F0470026914620278846044635462A
:108230003DE04A4641462046FFF714FF00B10125C4
:1082400020688169C943890619D4C5B981698169E2
:10825000C943C90612D41021C161042219496264BC
:1082600001252068C761206842680A40426084F89E
:10827000417084F8426084F8406000E06664FCF776
:1082800045FFA0EB0901414502D8B8F1000F0ED11E
:108290006DB920688069C043400708D5606C01252E
:1082A00084F8406040F02000606484F841702068E9
:1082B0008069C043400701D5002DBAD02846BDE8EB
:1082C000F087000000E800FE70B516460D46044633
:1082D0001FE0324629462046FFF7C4FE08B10120C0
:1082E00070BDFCF713FF801BA84200D88DB9206831
:1082F0008069C04380060CD5626C002084F8400081
:10830000202142F02002626484F8411084F8420087
:10831000E5E720688069C0438006DAD4002070BD9C
:1083200070B516460D46044621E0324629462046E1
:10833000FFF798FE08B1012070BD681C17D0FCF74C
:10834000E5FE801BA84200D88DB920688069C04333
:1083500080070CD5626C002084F84000202142F098
:108360002002626484F8411084F84200E3E7206848
:108370008069C0438007D8D4002070BD10B500F0DC
:108380000BF800EE100ADFED030AB8EE400A20EE0B
:10839000200A10BD0AD7A33A0CA03EB500680A24F3
:1083A0000123402101AACDE900400948FCF7FCFF68
:1083B000074802234021009402AAFCF763FF08B19A
:1083C000FF203EBDBDF8080040BA3EBD02000000DF
:1083D0002008002410B500F00FF8B0F5004F00D3CE
:1083E000002000EE100ADFED030AB8EE400A20EE8E
:1083F000200A10BD17B751390CA03EB500680A24F9
:108400000123402101AACDE900400948FCF7CCFF37
:10841000074802234021009402AAFCF733FF08B169
:10842000FF203EBDBDF8080040BA3EBD040000007C
:108430002008002410B500F00BF800EE100ADFED64
:10844000030AB8EE400A20EE200A10BD0AD7A33B6B
:108450000CA03EB500680A240123402101AACDE901
:1084600000400948FCF7A0FF074802234021009480
:1084700002AAFCF707FF08B1FF203EBDBDF80800C7
:1084800040BA3EBD03000000200800241CB50521B1
:10849000020A8DF804100A238DF8052040218DF87A
:1084A000060001AA024800930323FCF77DFF1CBDD0
:1084B000200800241CB50021020A8DF804100A23AC
:1084C0008DF8052040218DF8060001AA024800938E
:1084D0000323FCF769FF1CBD2008002444F2FF5071
:1084E00010B5FFF7E7FFBDE810404FF42060FFF73D
:1084F000CDBF8068C0F3C00070478068C0F38000C3
:1085000070478068C0F380007047C06810F4406F07
:1085100001D0002070470120704710B5042404EA00
:10852000D1540723C1F3045120448B408A40416950
:1085300099431143416110BD70B58AB0002568466A
:108540001C21079508950995F7F76EFF224C042624
:108550002249012004F1240C820221600323C4E992
:10856000035625754FF490616575A06125778CE8F9
:108570002E00656384F83850E0632046FAF700FF68
:1085800008B172B6FEE71448C4E90156FAF7F8FEDE
:1085900008B172B6FEE74FF400400995062407A91A
:1085A000CDE907400C48FAF7CBFB08B172B6FEE7FD
:1085B0000B4840F2FF71039169468DE8310006488F
:1085C000CDE904658DF81950FAF7DAFC002801D0DE
:1085D00072B6FEE70AB070BD4407002400200240D6
:1085E0001000C01070B588B01C216846F7F71CFF5A
:1085F0001A4C04261A49002501202160C4E90356BB
:1086000025756575A0612577E5622563656384F846
:108610003850E0632046FAF7B3FE08B172B6FEE7C1
:108620000E48C4E90156FAF7ABFE08B172B6FEE790
:108630000C48062140F2FF7203928DE823000748A0
:108640006946CDE904658DF81950FAF799FC0028C0
:1086500001D072B6FEE708B070BD0000A807002484
:10866000002102400800900C00B589B02421684622
:10867000F7F7DAFE1349124808600846FBF73FF99E
:1086800008B172B6FEE7002004900E210122CDE968
:108690000001CDE9020202460A486946FBF786F866
:1086A00008B172B6FEE70220019006481022694622
:1086B000FBF77CF8002801D072B6FEE709B000BDD8
:1086C000007400400C0800242DE9F04F87B01421FD
:1086D0006846F7F7A9FE4748016841F010010160BC
:1086E000016801F010010591016841F00401016089
:1086F000016801F004010591016841F08001016009
:10870000016801F080010591016841F001010160FB
:10871000016801F001010591016841F00201016069
:10872000016801F002010591016841F00801016052
:1087300000680022DFF8C080152100F008000590D5
:108740004046FCF7D8FCDFF8B4A04FF46056002296
:1087500031465046FCF7CFFCDFF8A49049F60F678E
:10876000002239464846FCF7C6FCDFF898B00022E4
:108770007F215846FCF7BFFC0024694601251520DF
:108780000090CDE9015440460394FCF791FB2A2068
:1087900069468DE831004046FCF78AFB0096694641
:1087A000CDE9015450460394FCF782FB0220694650
:1087B0008DE831005046FCF77BFB00976946CDE918
:1087C000015448460394FCF773FBA8026946CDE9BF
:1087D000000450460294FCF76BFB7F200090CDE92B
:1087E0000154694658460394FCF762FB07B0BDE8A4
:1087F000F08F0000E04402580010025800080258B0
:1088000000000258000C02581248002110B5104C0C
:108810000123114A0460C0E90121C0E9033141612B
:108820008161C1610162FCF7CDFC08B172B6FEE75F
:1088300008480021FCF770FC08B172B6FEE7054855
:108840000021FCF795FC002801D072B6FEE710BDB0
:108850000054004020080024FFECC01070B51348FD
:1088600003224FF48004104D00212301C0E90212BD
:1088700001611A01C0E90513C161016241628162AF
:10888000C162C0E90D21C163016441648164C164B6
:10889000016541658165C0E90054FEF7E3FC0028ED
:1088A00001D072B6FEE770BD0030014074080024AC
:1088B00010B588B017480024154A09210094802378
:1088C000019402940394049405940694C0E9002151
:1088D000C0E9024104618361FEF73AFE08B172B655
:1088E000FEE74FF4805000900A486946FEF71CFFEF
:1088F00008B172B6FEE720200490064804A9069449
:10890000FEF7D4FD002801D072B6FEE708B010BD16
:1089100000040040FC08002430B587B0174800244C
:10892000154963220094092301948025029403943D
:1089300004940594069480E816008561C0E9033428
:10894000FEF706FE08B172B6FEE74FF480500090C5
:108950000A486946FEF7E8FE08B172B6FEE7202035
:108960000490064804A90694FEF7A0FD002801D053
:1089700072B6FEE707B030BD000800404809002489
:108980001748002110B5154C0C224FF4E133046058
:10899000C0E90131C160C0E904128161C1610162B5
:1089A00041628162FFF726FA08B172B6FEE70C4811
:1089B0000021FFF732F808B172B6FEE7084800213F
:1089C000FFF705F808B172B6FEE70548FEF7DDFFD0
:1089D000002801D072B6FEE710BD00000010014073
:1089E000940900242DE9F047244E0024244F00254B
:1089F000012236F8151057F82500FCF77CFB6D1C9A
:108A0000032DF5DB36F81410002257F82400FCF78C
:108A100072FBDFF868800025DFF8649008F1060833
:108A200009F10C0938F8151059F82500FCF756FB28
:108A3000A8B16D1CEDB2032DF4D3641CE4B2032C79
:108A4000D5D30024012236F8141057F82400FCF77F
:108A500052FB641C032CF5DB0020BDE8F08736F8E0
:108A60001410012257F82400FCF745FB034904EBDE
:108A700044000C310844405DEFE7000030FC000882
:108A8000EC00002470B5FFF7ADFF0D4D04462878CB
:108A9000844204D005F08AF968602C700DE005F07E
:108AA00085F96968401A142807D96C702046A9789E
:108AB0008C4202D00028A87000D1002070BD0000B8
:108AC000E4000024FEE7FEE7F0B5B1B0C02168463F
:108AD000F7F7AAFC02200A250023CDE90350C0269F
:108AE0002993202705900424CDE90606CDE90873D3
:108AF0004FF4002268468DE81C00FDF7DDF90028E0
:108B000001D072B6FEE731B0F0BD00002DE9F047AC
:108B1000454D044689464FF0000A2868C043800747
:108B20000AD0414E283E306820F080603060FCF76B
:108B3000EDFA0746B04608E00120BDE8F08700BF27
:108B4000FCF7E4FAC01B022867D8D8F8000000013F
:108B5000F6D4206829684FF4FE0721F47C313E02E8
:108B600041EA00302860207AA389B4F804C04002AA
:108B70002D4D2D495B1E227CACF1010C1035091DD9
:108B8000A0F5007080B2521ECCF3080C07EA034334
:108B900040EA0C00184306EA0262104328600868A5
:108BA000626920F0C000104308600A68A06922F0E2
:108BB000200202430A60281D0A6822F010020A609F
:108BC00002684FF6F873E4699A4342EAC40202600D
:108BD0000868B9F1000F40F010020A6011D008686F
:108BE000B9F1010F11D040F400100860D8F800006E
:108BF000444640F08060C8F80000FCF787FA05465C
:108C00000DE0086840F40020EFE740F48010ECE746
:108C1000FCF77CFA401B022801D903208DE720686D
:108C20000001F5D5504688E7284402582DE9F04761
:108C3000454D044689464FF0000A2868C043800726
:108C40000AD0414E283E306820F080503060FCF75A
:108C50005DFA0746B04608E00120BDE8F08700BF96
:108C6000FCF754FAC01B022867D8D8F8000080002F
:108C7000F6D4208829684FF4FE0721F07C713E026B
:108C800041EA00502860207AA389B4F804C0400269
:108C90002D4D2D495B1E227CACF1010C1835091DB0
:108CA000A0F5007080B2521ECCF3080C07EA034313
:108CB00040EA0C00184306EA026210432860086884
:108CC000626920F44060104308600A68A06922F4D9
:108CD000007202430A60281D0A6822F480720A604A
:108CE00002684FF6F873E4699A4342EAC4020260EC
:108CF0000868B9F1000F40F480720A6011D008686A
:108D0000B9F1010F11D040F080700860D8F8000070
:108D1000444640F08050C8F80000FCF7F7F90546DB
:108D20000DE0086840F48000EFE740F40000ECE755
:108D3000FCF7ECF9401B022801D903208DE72068DD
:108D40008000F5D5504688E7284402588AB0FE488E
:108D50004FF40051F7F768FBFB4800F01F0101F5E5
:108D600000518B46BFF34F8FF84A106020302039F6
:108D70000029FADCBFF34F8FBFF36F8F40F2FF740F
:108D8000F34801212246F9F78DFFF24801212246DE
:108D9000F9F788FFEE48FAF781FC4FF48056EA496C
:108DA000EC483246FAF760F84FF0000AEA4C02212C
:108DB0002046FCF793F900284CD10A2004F0E8FF84
:108DC00002212046FCF78AF9002843D14FF40051D4
:108DD0002046FCF788F902212046FCF77FF900289D
:108DE000F9D0BAF1000F27D0DCA001F0D9FDE1499C
:108DF00064244FF47A708DE81300012568460A2236
:108E00008DF80C50049204F051FF04F0ABFFDA48E7
:108E100005700A2004F0BCFFD8480168D848B1FBAF
:108E2000F4F205F089FDD648FEF7E4FBD548016869
:108E3000D5A001F0B5FD0DE0BAF1000F0AD1CF4980
:108E400064200968B1FBF0F2CD4805F075FDCC480F
:108E5000FEF7D0FBC84AD08801287DD10020D08001
:108E6000B9485946BFF34F8FB84B0C3B18602030C0
:108E700020390029FADCBFF34F8FBFF36F8FB24A5E
:108E80009FEDCA0ADFEDCA0ABB49002002F5804403
:108E900002F500458F88B1F802C000BF52F82010DB
:108EA00004EB800805EB800921FA0CF339403B40C4
:108EB00001EE101A02EE103A401CF8EE411AB8EE1C
:108EC000421AB04261EE801A21EE001A61EEA01A39
:108ED00021EE201AC8ED001A89ED001ADED3B5483C
:108EE0000078D0B3012878D0022877D0032876D034
:108EF000BAF1000F74D0BAF1000F2DD09E4C20783B
:108F00000028FAD0AC490225AC4801230022009584
:108F100004F036FAAA490123AA480022009504F079
:108F20002FFAA94AA649A44804F094FEA74800686D
:108F3000B0F5806F08D2A44900EB4005A44800EBCF
:108F400085000EC980E80E0004F0E6FE002878D007
:108F5000002020709FA001E0D7E005E001F020FD97
:108F60009B4D0024874F34E3BAF1000F39D0BAF19A
:108F7000000FC2D0804C20780028BED08E49022538
:108F80008E4801230022009504F0FAF98C49012350
:108F90008C480022009504F0F3F98B4A88498648F2
:108FA00004F058FE89480068B0F5806F08D2864901
:108FB00000EB4003864800EB830026C980E82600CA
:108FC00004F0AAFE0028C2D00020207081A001F089
:108FD000E7FC7F4D00246B4FB2E016E26FE28AE2BD
:108FE0008EE275490224754801230022009404F0A2
:108FF000C7F97349012373480022009404F0C0F9B3
:109000006D4D7DA095ED010AA968B7EEC00A53EC3D
:10901000102B01F0C5FC6A4C7CA094ED010AA168FC
:10902000B7EEC00A53EC102B01F0BAFC95ED030A21
:10903000D4ED030A30EE600AB7EEC00A53EC102BF1
:1090400000E0D1E176A001F0ABFC5F4A2146284662
:1090500004F000FE5C4890ED020AB7EEC00A8DED08
:10906000000B90ED010A016873A0B7EEC00A53EC43
:10907000102B01F095FC7F49534804F04DFD3E480C
:109080004178002941D080680121CDE90006684679
:109090008DF8081004F050FA484803A904F06CFA5F
:1090A00008B175A02FE07CA001F07AFC9DED040AC8
:1090B00081A0B7EEC00A53EC102B01F071FC9DEDBE
:1090C000030A83A0B7EEC00A53EC102B01F068FC32
:1090D000059985A001F064FC06998CA001F060FC64
:1090E0009DED070A8FA0B7EEC00A53EC102B01F0DC
:1090F00057FC0898012805D0022807D0032807D07C
:109100008EA000E094A001F04BFC65E299A0FAE784
:10911000A0A0F8E704EB440105EB810090ED020A02
:10912000B7EEC00A8DED000B90ED010A55F8211045
:10913000A0A0B7EEC00A53EC102B01F031FC641C68
:1091400038688442E6D347E24054002468EF00E0E8
:10915000A80700244407002400080258456E7465DF
:1091600072696E67207377656570206D6F64652E18
:109170002E2E0A00A0860100B80000241801002449
:10918000FC080024D80000245377656570207374B0
:1091900061727465642C20746F74616C20706F69E7
:1091A0006E74733A20256C750A0000003333534007
:1091B000000080382901002408B6022440940024CD
:1091C00018B6022440D4002434F70224D40000242A
:1091D00028C70224537765657020636F6D706C65D6
:1091E00074656421205072696E74696E67207265BF
:1091F00073756C74733A0A004144433120256C75D1
:1092000020487A20252E366620560A0041444332F3
:1092100020256C7520487A20252E366620560A00B7
:1092200041444320706861736520616E676C653AE4
:1092300020252E32660A00004672657175656E63E0
:10924000793A20256C7520487A2C20496D70656428
:10925000616E63653A20252E3266204F686D2C20A2
:1092600050686173653A20252E3266206465670A6E
:109270000000000028F7022454696D6520646F6DBA
:1092800061696E20646574656374696F6E206661E0
:10929000696C6564210A000054696D6520446F6D36
:1092A00061696E20446574656374696F6E205265F0
:1092B00073756C74733A0A002020444320436F6D29
:1092C000706F6E656E743A20252E366620560A0041
:1092D0002020524D532056616C75653A20252E365C
:1092E0006620560A00000000202046756E64616DFD
:1092F000656E74616C204672657175656E63793A4E
:1093000020256C7520487A0A000000002020506556
:1093100072696F6420506F696E74733A20256C75A2
:109320000A000000202057617665666F726D20523A
:109330006174696F3A20252E36660A002020576135
:109340007665666F726D20547970653A20556E6B44
:109350006E6F776E0A000000202057617665666F99
:10936000726D20547970653A2053696E652057619B
:1093700076650A00202057617665666F726D20540D
:109380007970653A20537175617265205761766511
:109390000A000000202057617665666F726D2054C8
:1093A0007970653A20547269616E676C6520576107
:1093B00076650A00467265713A20256C7520487AF8
:1093C0002C204D61676E69747564653A20252E32D4
:1093D00066204F686D2C2050686173653A20252EF9
:1093E0003266206465670A0004F0A2FC0A2004F0DB
:1093F000CFFC7C4964200968B1FBF0F27A4805F0A3
:109400009BFA7948FEF7F6F8E6E078480224012353
:109410000094002201A903F0B3FF250374497548A5
:109420002A46F6F7E8FF744801230022009405A9B4
:1094300003F0A6FF6E492A467048F6F7DCFF70A0DD
:1094400001F0AEFA6B4FA5025FF00004214607EB76
:10945000840090ED000A71A0B7EEC00A53EC102B07
:1094600001F09EFA641CAC42F0D3644F5FF000043C
:10947000214607EB840090ED000A68A0B7EEC00A11
:1094800053EC102B01F08CFA641CAC42F0D36BA0AF
:1094900001F086FA9DED020A039971A0B7EEC00AA9
:1094A00053EC102B01F07CFA9DED060A079978A089
:1094B000B7EEC00A53EC102B01F072FA8CE080A0DA
:1094C00001F06EFA5FF0000705EB870090ED000AEF
:1094D00004EB8700B7EEC00A8DED000B90ED000A9B
:1094E00081A0B7EEC00A53EC102B01F059FA7F1C93
:1094F000B742E9D370E081A001F052FA84A002E6FD
:109500008C490224394801230022009403F038FFDB
:109510008949012338480022009403F031FF854D2A
:1095200095ED010AB7EEC00A53EC102BAFF23830BC
:10953000A96801F035FA804C94ED010AB7EEC00A33
:1095400053EC102BAFF23C30A16801F029FA95EDF5
:10955000030AD4ED030A30EE600AB7EEC00A53ECFA
:10956000102BAFF2443001F01BFA744A2146284612
:1095700004F070FB714890ED020AB7EEC00A8DED61
:10958000000B90ED010A0168B7EEC00A53EC102BF6
:10959000AFF25C3001F004FA6949684804F0BCFAA3
:1095A0001AE000BF04EB440005EB800191ED020AD4
:1095B000B7EEC00A8DED000B91ED010A55F82010B1
:1095C000B7EEC00A53EC102BAFF2182001F0E8F907
:1095D000641C38688442E5D3642004F0D9FBFFF7AB
:1095E000E5BB000018010024FC080024409400247E
:1095F000409401244CF7022440D400244C17032447
:109600003D3D3D20537065637472756D20526573E6
:10961000756C7473203D3D3D0A00000020204672A9
:10962000657175656E63792042696E20256C753AA7
:1096300020252E366620560A000000003D3D3D20C4
:10964000537065637472756D20416E616C797369D6
:109650007320526573756C7473203D3D3D0A0000A4
:1096600041444331202D204672657175656E6379E2
:109670003A20256C7520487A2C204D61676E6974FC
:109680007564653A20252E366620560A00000000D3
:1096900041444332202D204672657175656E6379B1
:1096A0003A20256C7520487A2C204D61676E6974CC
:1096B0007564653A20252E366620560A00000000A3
:1096C0003D3D3D2054696D6520446F6D61696E209C
:1096D000416E616C7973697320526573756C747334
:1096E000203D3D3D0A000000414443312F32203AE5
:1096F000252E36662C252E36660A00003D3D3D207F
:10970000444959205374617465203D3D3D0A000071
:1097100054686973206973206120637573746F6D79
:109720002066756E6374696F6E2073746174652E44
:109730000A00000008B6022418B6022434F70224F6
:1097400028F702242DED028B84B0FEF7C7FE01201E
:1097500004F0B0F9414D424E424C00BFFFF792F980
:10976000011E217002D040A001F01AF920780528CE
:1097700069D2DFE800F068031D2C3E00FEF7FEFD15
:10978000B0EE408AFEF726FEF0EE408AFEF752FE6B
:10979000B7EEC00A39A0B7EEE81A8DED020BB7EEAE
:1097A000C80A8DED001B53EC102B01F0F9F84AE0CC
:1097B00095ED000A002201211046B8EE400BF8F7A3
:1097C000D7FC7820F8F75CFC29683BA00EE095ED0B
:1097D000000AB8EE400BF8F74BFE41F6FF70F8F7C1
:1097E00027FE0020F8F76CFE29683CA001F0D8F8AD
:1097F00029E0002230460121FBF77DFC00223046A3
:109800000221FBF778FC002230460421FBF773FCB1
:10981000002230460821FBF76EFC607830B1012849
:1098200007D0022813D0032808D113E001221146E3
:1098300001E0012202213046FBF75DFC6078401C0C
:1098400000F003006070142004F0A2FA86E7012201
:109850000421F0E701220821EDE7000008010024BF
:1098600000000258040100244B6579205072657392
:109870007365643A2025640D0A000000494E4132A8
:1098800032363A20566F6C746167653A20252E3265
:109890006620562C2043757272656E743A20252E10
:1098A000326620412C20506F7765723A20252E3287
:1098B0006620570D0A0000004144393833333A20FE
:1098C000536574204672657175656E637920746F97
:1098D00020256C7520487A0D0A0000004144393972
:1098E00035343A20536574204672657175656E6330
:1098F0007920746F20256C7520487A0D0A000000CD
:109900001CB53148FDF776FE05F0D8F800272F4A40
:109910004FF480792E484B4639460097FAF794F871
:109920002C4C0022DFED2C0A9FED2C1A94ED000A3E
:10993000102120EE200AC0EE010ABCEEE00A10EE73
:10994000100A83B22248FAF73DF821481021FAF7AD
:109950004BF8DFF88C80234E234D404698F80020CA
:1099600031788A420CD12A684368934208D190ED3D
:10997000020AD4ED000AB4EE600AF1EE10FA1FD02C
:10998000017029684160002194ED000A104888EDBB
:10999000020AFAF7C9F805F091F814480021009777
:1099A0004B4602680A48FAF74FF894ED000A10484F
:1099B000B7EEC00A8DED000B31782A6800F0F0FF99
:1099C000642004F0E5F9C8E7480900242A010024CE
:1099D0000C0800242401002400F07F453333534059
:1099E000C40000241C010024200100242C070024B2
:1099F00040FF0008012004F0CBF9FBE70C490122ED
:109A00000C48FEF779FA0A4D00244FF48076AD1E1B
:109A1000687840B108486C7004F046FA0648314650
:109A20002C70F6F701FD142004F0B2F9F0E7000005
:109A3000D20000249409002428B602244FF0E0202C
:109A400010B5006905F0F4FD012803D0BDE8104011
:109A500005F018BB10BD000030B59DB04C21684624
:109A6000F6F7E2FC202113A8F6F7DEFC0220FBF754
:109A70009BFE2149002421480A6822F001020A6065
:109A80000968016841F440410160016801F4404106
:109A90001B9101688904FCD50220009040250495A3
:109AA0000121039104220B923223CDE90904CDE96F
:109AB0000C300FAB0E900C2183E813006846129413
:109AC000FDF70EF908B172B6FEE708221A95CDE946
:109AD0001625D30113AA3F200321CDE9185382E8AC
:109AE0001300022113A8FCF7BDFE002801D072B6B6
:109AF000FEE71DB030BD00002C0400581848025885
:109B00002C48F0B52C4A016841F4700101601068DE
:109B100000F00F00072804D2106820F00F00C01DCD
:109B2000106026490020254C10340B68244D43F06A
:109B300001030B6020600B682B400B60136803F07F
:109B40000F03072B04D9136823F00F03DB1D1360E9
:109B50001A4C1C4A18341C4B261D371D2060174C0C
:109B60001A4D28343060261D3860371D23603B1D98
:109B700035601C1D3A60251D2E1D1860331D2260A6
:109B80002860326018600A680C4B114C22F4802265
:109B900060330A60186020686FF30F00B0F1005F57
:109BA00003D20C490120C1F8080143F2D2000A494E
:109BB0000860F0BD88ED00E000200052004402582B
:109BC0007FEDF6EA80020101000202020000FF01BF
:109BD0000010005C00800051004000520148FDF779
:109BE00022BE0000180B00242DE9F0472A4B4FF04D
:109BF000804A2A4D02689842294E2A4F2A4C09D0A1
:109C0000504507D0A84205D0B04203D0B84201D099
:109C1000A04205D1D1F804C022F070024CEA020241
:109C2000DFF888C0DFF888809842DFF888900FD08E
:109C300050450DD0A8420BD0B04209D0B84207D051
:109C4000A04205D0604503D0404501D0484503D12E
:109C5000CD6822F440722A434D6922F080022A43E3
:109C6000026098428A68C2620A68826207D0A04293
:109C700005D0604503D0404501D0484501D1096970
:109C80000163012141610169C90703D0016921F024
:109C900001010161BDE8F0870000014000040040BF
:109CA00000080040000C004000040140004001405A
:109CB000004401400048014042EA032283680A430D
:109CC00023F47F410A43826070470000034B82689F
:109CD0001A400A4342F00701816070478FFFCFFFAF
:109CE00010B5036A046A23F00A0324F00104046235
:109CF00084690B4324F0F00141EA0211816103629F
:109D000010BD10B5036A046A23F0A00324F0100408
:109D10000462846943EA011124F4704343EA023285
:109D20008261016210BD000030B5416EB9B10168B9
:109D30000D4B03F108048A688968C2F34262490F37
:109D40005D5C615C2D01B5FBF1F1A0F86A10995CD6
:109D5000A25C0901B1FBF2F1A0F8681030BD01214D
:109D6000A0F86A10F8E700007CFA000890F82810C4
:109D7000090706D50168836B4A6822F400421A433A
:109D80004A6090F82810C90706D00168C36A4A687B
:109D900022F400321A434A6090F82810890706D549
:109DA0000168036B4A6822F480321A434A6090F8D3
:109DB0002810490706D50168436B4A6822F48022BF
:109DC0001A434A6090F82810C90606D50168C36B8B
:109DD0008A6822F480521A438A6090F82810890613
:109DE00006D50168036C8A6822F400521A438A601F
:109DF00090F82810490611D50168436C4A6822F48E
:109E000080121A434A60416CB1F5801F06D1016887
:109E1000836C4A6822F4C0021A434A6090F8281002
:109E2000090606D50168C26C486820F4002010437A
:109E3000486070472DE9F84300250446C0F890506B
:109E4000FBF764F98046206820266FF07E470068A3
:109E5000000713D50022434631042046009700F046
:109E600039FD58B1216851E8000F20F0800041E829
:109E70000002002AF6D1C4F8886021E0206800685A
:109E8000400722D5002243464FF480012046009728
:109E900000F020FDC8B1206850E8001F21F4907147
:109EA00040E80012002AF6D12068083050E8001F70
:109EB00021F0010140E80012002AF5D1C4F88C60BD
:109EC000032084F88450BDE8F883C4F88860C4F89F
:109ED0008C60E5662567002084F88450F3E710B5B0
:109EE000806B0021A0F85E10A0F85610FDF7BDFDB4
:109EF00010BD000010B5026852E8001F21F49071F7
:109F000042E80013002BF6D10E4B0268083252E8EB
:109F1000001F194042E80014002CF6D1C16E01293F
:109F200008D1026852E8001F21F0100142E8001336
:109F3000002BF6D100212022C0F88C20C166416799
:109F400010BD0000FEFFFFEF10B5D0F88C10B0F888
:109F500060202229016804D0886940F008008861E7
:109F600010BD496A836D11401980816D891C81651E
:109F7000B0F85E10491EA0F85E10B0F85E1000291F
:109F8000EED1016851E8002F22F4907241E80023DD
:109F9000002BF6D10168083151E8002F22F00102B0
:109FA00041E80023002BF5D1184B00210268202442
:109FB000C0F88C40416701679A420BD05268120288
:109FC00008D5036853E8002F22F0806243E800249C
:109FD000002CF6D1C26E012A02D0FDF7B1FF10BDF0
:109FE000C166026852E8001F21F0100142E8001328
:109FF000002BF6D10168CA69D243D20601D41022DF
:10A000000A62B0F85C10FDF7E0FC10BD000C0058CF
:10A010002DE9F04704460068C569D0F800A0D0F8E3
:10A020000880D4F88C10B4F86060222905D08169CA
:10A0300041F008018161BDE8F087B4F868704FF025
:10A04000000975E02068A16D406A30400880A06D6D
:10A05000801CA065B4F85E00401EA4F85E00206875
:10A06000C569690730D0E9070AD05FEACA5107D548
:10A0700001210162D4F8900040F00100C4F8900082
:10A08000A8070BD55FEAC87008D0216802200862D3
:10A09000D4F8900040F00400C4F8900068070BD595
:10A0A0005FEAC87008D0216804200862D4F89000E4
:10A0B00040F00200C4F89000D4F8900020B120468F
:10A0C000FDF7D3FCC4F89090B4F85E0080BB216823
:10A0D00051E8000F20F4807041E80002002AF6D118
:10A0E000304A2068083050E8001F114040E8001353
:10A0F000002BF6D12C4B202120684A46C4F88C1046
:10A10000C4F87490C4F8709098420BD04068000274
:10A1100008D5216851E8000F20F0806041E8000375
:10A12000002BF6D1E06E012825D02046FDF708FF70
:10A130000FB1A80686D4B4F85E0000283FF47BAFC8
:10A14000B4F8681081427FF676AF2068083050E896
:10A15000001F21F0805140E80012002AF5D1134879
:10A160006067206850E8001F41F0200140E80012BD
:10A17000002AF6D15FE7E266206850E8001F21F070
:10A18000100140E80012002AF6D12068C169C943D5
:10A19000C90601D410210162B4F85C102046FDF715
:10A1A00014FCC5E7FEFFFFEF000C0058499F0008B4
:10A1B00010B5D0F88C10B0F860202229016804D0C6
:10A1C000886940F00800886110BD496A836D1140BC
:10A1D0001970816D491C8165B0F85E10491EA0F8A8
:10A1E0005E10B0F85E100029EED1026852E8001F40
:10A1F00021F4907142E80013002BF6D10168083178
:10A2000051E8002F22F0010241E80023002BF5D194
:10A21000184B002102682024C0F88C404167016778
:10A220009A420BD05268120208D5026852E8003FE9
:10A2300023F0806342E80034002CF6D1C26E012A7C
:10A2400002D0FDF77DFE10BDC166026852E8001F16
:10A2500021F0100142E80013002BF6D10168CA6911
:10A26000D243D20601D410220A62B0F85C10FDF786
:10A27000ACFB10BD000C00582DE9F0470446006807
:10A28000C569D0F800A0D0F80880D4F88C10B4F8D4
:10A290006060222905D0816941F008018161BDE833
:10A2A000F087B4F868704FF0000975E02068A16D80
:10A2B000406A30400870A06D401CA065B4F85E0094
:10A2C000401EA4F85E002068C569690730D0E90720
:10A2D0000AD05FEACA5107D501210162D4F8900083
:10A2E00040F00100C4F89000A8070BD55FEAC870E1
:10A2F00008D0216802200862D4F8900040F00400E1
:10A30000C4F8900068070BD55FEAC87008D02168D0
:10A3100004200862D4F8900040F00200C4F89000D5
:10A32000D4F8900020B12046FDF79FFBC4F8909030
:10A33000B4F85E0080BB216851E8000F20F4807003
:10A3400041E80002002AF6D1304A2068083050E87F
:10A35000001F114040E80013002BF6D12C492023A8
:10A3600020684A46C4F88C30C4F87490C4F87090E1
:10A3700088420BD04068000208D5216851E8000FE0
:10A3800020F0806041E80003002BF6D1E06E012848
:10A3900025D02046FDF7D4FD0FB1A80686D4B4F829
:10A3A0005E0000283FF47BAFB4F8681081427FF66E
:10A3B00076AF2068083050E8001F21F0805140E857
:10A3C0000012002AF5D113486067206850E8001F8A
:10A3D00041F0200140E80012002AF6D15FE7E26672
:10A3E000206850E8001F21F0100140E80012002A08
:10A3F000F6D12068C169C943C90601D410210162A0
:10A40000B4F85C102046FDF7E0FAC5E7FEFFFFEF69
:10A41000000C0058B1A100082DE9F0430446806803
:10A42000D84E87B0D84B2168D4E90427D4F81CC093
:10A4300010430A68002547EA0C07384332400243BC
:10A440000A602068E268416821F44051114341608C
:10A450002268A1699A4201D0206A01439768DFF817
:10A460002CC3CB4ECB4807EA0C070F4397602168FB
:10A47000676ACA6A22F00F023A43CA622268B2428D
:10A480000ED1006800F03800182873D047DCB8B34C
:10A49000082879D010286FD178E028287ED17BE079
:10A4A000BD498A4209D1006800F00700062875D22C
:10A4B000DFE800F0546A6C6E7072B8498A4209D1C4
:10A4C000006800F00700062868D2DFE800F0475D6A
:10A4D0005F616365B2498A4209D1006800F00700F4
:10A4E00006285BD2DFE800F03A5052545658AD4986
:10A4F0008A420BD1006800F0070006284ED200E027
:10A5000010E0DFE800F02B4143454749A6498A4265
:10A510000AD1006800F03800182839D0B7DD2028AB
:10A52000BBD13CE001203AE0A0498A4209D1006851
:10A5300000F00700062831D2DFE800F01026282AB4
:10A540002C2E9B498A420BD1006800F00700062898
:10A5500024D2DFE800F003191B1D1F2100201EE09C
:10A560009A421BD18B48001D006800F007000628A6
:10A5700014D202E00CE007E010E0DFE800F0030591
:10A5800007090B0D02200AE0042008E0082006E07D
:10A59000102004E0202002E0402000E080208549D7
:10A5A000DFF814829A42854A4FF400434FEA21179C
:10A5B0004FF000064ED110281AD006DC022809D030
:10A5C00004280BD008287CD10DE020283ED040285C
:10A5D00077D13DE0FBF712F9014610E06846FBF742
:10A5E000C3F901990BE003A8FBF760FA049906E0B0
:10A5F0001068800605D51068C0F3C100C14000296D
:10A6000070D0606A676838F8102007EB4703B1FB29
:10A61000F2F0834255D8B0EB073F52D800230846EA
:10A620001946F5F7B7FE02467808130E120243EA00
:10A63000012110183A4671410023F5F7ABFE604A3C
:10A64000A0F5407191423CD821688FE03946D8E7A7
:10A650001946D6E7D4F81CC04FF6EF799C4546D191
:10A66000082819D005DC58B101280CD0042875D170
:10A670000DE0102815D0202835D040286ED134E0C8
:10A68000FCF76EFA01E0FCF77DFA014610E068463F
:10A69000FBF76AF901990BE003A8FBF707FA0499A5
:10A6A00006E01068800604D51068C0F3C100C14000
:10A6B000C1B1636A606838F81330B1FBF3F1490047
:10A6C00000E04BE001EB5001B1FBF0F0A0F1100114
:10A6D000494543D84FF6F0732168C0F34202184051
:10A6E000104343E043E03946E3E71946E1E7082831
:10A6F00019D005DC58B101280CD004282ED10DE06A
:10A70000102815D020282BD0402827D12AE0FCF78C
:10A7100027FA01E0FCF736FA014610E06846FBF73D
:10A7200023F901990BE003A8FBF7C0F9049906E0AF
:10A730001068800604D51068C0F3C100C140B1B1F3
:10A74000636A606838F81330B1FBF3F101EB500134
:10A75000B1FBF0F0A0F11001494505D9012506E053
:10A760003946EDE71946EBE7216880B2C860012061
:10A77000A4F86A00A4F8680028466667A66707B0D0
:10A78000BDE8F083F369FFCF000C0058FFF4FF1120
:10A79000001001405444025800440040004800406A
:10A7A000004C004000500040001401400078004080
:10A7B000007C00400090D00364FA00080044025876
:10A7C000FFFC0F0070B58368002481654FF480564C
:10A7D000A0F85C20B342A0F85E204FF0FF01446770
:10A7E00004D1036903BB40F2FF111DE04FF07F0568
:10A7F000C3B1B3F1805F1AD0A0F860402221C0F845
:10A800009040C0F88C100168083151E8003F43F0D7
:10A81000010341E80034002CF5D1416EB1F1005F35
:10A820000CD02FE0036933B9A0F86010E6E70169A6
:10A8300009B13F21F8E7A0F86050DFE7B0F86810F1
:10A8400091421FD88168B14201D10169B9B11D4956
:10A850000269416742B1026852E8001F41F4807109
:10A8600042E80013002BF6D10168083151E8002FAF
:10A8700042F0805241E80023002BF5D120E012493C
:10A880004167F1E78168B14201D1016969B10F49BE
:10A89000026941675AB1016851E8002F42F4907291
:10A8A00041E80023002BF6D10AE00949416702681C
:10A8B00052E8001F41F0200142E80013002BF6D1BE
:10A8C000002070BD79A2000811A00008B1A1000805
:10A8D000499F00082DE9F047994617460D46044662
:10A8E000089E4FF0000833E0701C31D0FAF70EFCE0
:10A8F000A0EB0900B04218D8BEB120680168490732
:10A9000026D5802D24D0402D22D0C169C943090706
:10A910000DD4082505622046FFF7ECFAC4F89050E4
:10A92000012084F88480BDE8F0870320FBE7C0693C
:10A93000C04300050CD421684FF400600862204633
:10A94000FFF7D8FA2021C4F8901084F88480ECE74F
:10A950002068C06935EA000004D00020B842C3D0A6
:10A960000020E0E70120F9E710B5084C0122402162
:10A970002046FAF7C0FB0A2001F02CFE00222046F8
:10A98000BDE810404021FAF7B6BB0000000C0258A9
:10A990000148FDF76BB8000094090024FEE70000B1
:10A9A0000FB4054B10B503A9044A029801F02CFA24
:10A9B00010BC5DF814FB000059C6000834070024E1
:10A9C0004100080218BF04200A0E18BF40F0010021
:10A9D0004FF07F4232EA010108BF40F00200012837
:10A9E00008BF05207047090700284FEA116104DB02
:10A9F00000F1E02080F80014704700F00F0000F133
:10AA0000E02080F8141D704700487047400700247C
:10AA100070B54FF068422DED048BF0EE408A18EED1
:10AA2000900AB0EE608A18EE101A02EB4003B3F100
:10AA3000654F3CBF02EB4102B2F1654F7DD200BFD2
:10AA4000C0F3C753C1F3C7529A1A1B2A09DD10F08D
:10AA5000004F14BF9FED830A9FED830ABDEC048B6A
:10AA600070BD12F11A0F36DA11F0004F09D010F054
:10AA7000004F0CBF9FED7D0A9FED7D0ABDEC048B5E
:10AA800070BD88EE889A19EE100AFFF799FF042826
:10AA900008BF01F021F818EE900AFFF791FF054674
:10AAA00018EE100AFFF78CFF044619EE100AFFF7A4
:10AAB00087FF042D18BF052D08D1042C18BF052CC5
:10AAC00004D1002804BF022001F0CEF8B0EE490AFC
:10AAD000BDEC048B70BD4200B2EB410F3AD910F0CF
:10AAE000004F19BFDFED630A9FED630ADFED630AD4
:10AAF0009FED630AB0EE481A0A46B1EE688A80F00C
:10AB00000041F0EE418A10460A1A5200B2F1807FED
:10AB100034D2484010F0004FDFED5A1A9FED5A2A08
:10AB20001DBF9FED5A1A70EEE10A30EE420A9FED0A
:10AB3000581A08BF70EEA10A00E040E008BF30EEEE
:10AB4000020AB0EE682A01EE482A08EE818AC2EEB7
:10AB5000081A15E011F0004F04BF9FED4E0AF0EE09
:10AB6000400AD1D010F0004F19BFDFED4B0A9FED26
:10AB70004B0ADFED4B0A9FED4B0AC5E7C8EE881A7A
:10AB800021EEA11A9FED482ADFED482A41EE022A64
:10AB90009FED472A01EE222ADFED462A41EE022AE6
:10ABA0009FED452ABDEC048B01EE222A21EE811A8D
:10ABB00001EE020A30EE210A30EE200A70BD4FF09D
:10ABC0007F42B2EB400F28BFB2EB410F09D2F0EE4B
:10ABD000480AB0EE680ABDEC048BBDE8704000F096
:10ABE00068BF40EA01035B0008BF41F0FF410BD0A2
:10ABF000B2EB400F08BFB2EB410F08D120F080400C
:10AC000008EE900A21F0804108EE101A18E7B2EB26
:10AC1000400F12BF5FEA410340F0FF4001F00041E6
:10AC20003FF40EAFB2EB410F12BF5FEA400200F0FB
:10AC3000004041F0FF413FF403AF4A0092EA400375
:10AC40003FF5FEAE002AACBF9FED1C0A9FED1C0A2B
:10AC500068EE808A28EE008A18EE900A18EE101A24
:10AC6000EEE60000DB0FC9BFDB0FC93FDB0F494039
:10AC7000DB0F49C00000C9BF22AAFDB90000C93FCF
:10AC800022AAFD390060ED3EC30ACE37000000BFA6
:10AC90000000003F00000000000049C022AA7DBA69
:10ACA0000000494022AA7D3A2DAD65BD8FB8D53D43
:10ACB0000FB511BE61C84C3EA8AAAABE0000804FC5
:10ACC0000000802F10EE100AC0F3C7517F391729FA
:10ACD000A8BF7047DFED150A9FED151A002970EE29
:10ACE000200A0CDAB4EEE01AF1EE10FA1AD20028BB
:10ACF000C8BF4FF07E50B8BF4FF0004012E00D4A81
:10AD000022FA01F2104208BF7047F4EEC10AF1EED8
:10AD100010FA07DD002804DD4FF4000323FA01F1E7
:10AD20000844904300EE100A70470000CAF24971CF
:10AD300000000000FFFF7F0010EE101A08B5434A24
:10AD40006846B2EB410F26D94FF0E640B0EB410F19
:10AD500094BF00204FF0FF3000900098DFED3C0AD8
:10AD6000002860DB10F0010F46D060EE000ADFED36
:10AD7000391A9FED391A10F0020F00EEE11ADFEDDB
:10AD8000371A40EE811A21EEA01AF0EE400A40EE8A
:10AD9000010A2ED041E0324B21F0004293423FD9CC
:10ADA00011F0004FDFED2F0A20EE201ADFED2E0A02
:10ADB00019BF31EE601A71EE200A31EE201A71EEE1
:10ADC000600ABDEEE01A11EE100A9FED281A00F09D
:10ADD000030000EEC10A9FED261A009000EEC10AA2
:10ADE0009FED241A00EEC10A9FED231A00EEC10A5E
:10ADF000B3E7F1EE600A10E020EE000A9FED1F1AA3
:10AE0000DFED1F1A10F0020F40EE011A9FED1D1A20
:10AE100000EE211A40EE010AEBD1B0EE600A08BD47
:10AE200000F062FE99E710EE100A4000B0F17F4F8B
:10AE3000F3D307D14FF0010000F016FFBDE8084042
:10AE400000F03ABEBDE8084000F030BEB61F927E6A
:10AE50000000803F336D4C39DA82083CA0AA2ABE3C
:10AE6000490E494683F9223F0000004B0000C93FCC
:10AE700000A0FD390020A2331A61342CB93AB2BACD
:10AE8000CA9F2A3DDDFFFFBE10B510EE104A4FF0FD
:10AE900019406849002200EB44002DED028B8842E6
:10AEA00057D8DFED650A14F0004F60EE200A14BF9A
:10AEB0009FED621A9FED621A71EE200AFDEEE00A24
:10AEC00010EE900A00EE900AF8EEE00A9FED5D1A8F
:10AED00000EEC10A9FED5C1A00EEC10ADFED5B0ACD
:10AEE0009FED5B1A00EE201ADFED5A0A40EE010AD0
:10AEF0009FED591A594B00F0030100EE201A21EE84
:10AF0000000A7B4403EB8103D3ED000A544B7B44DE
:10AF100003EB810393ED001A524B41EE000A7B4490
:10AF200003EB8101801091ED000A70EE800AEABB0C
:10AF300000EE100AB8EEC01ADFED4B1A9FED4B0A77
:10AF4000BDEC028B01EE210ABCEEC00A20EE200A05
:10AF500010BD4FF0FF40A0431BD04FF0CE40B0EBF0
:10AF6000440F82BF9FED420ABDEC028B10BD4148E9
:10AF7000B0EB440F28BF012293D2022000F074FEF0
:10AF800014F0004F15D0BDEC028BBDE8104000F06E
:10AF9000A3BD14F5000F02BF9FED370ABDEC028B75
:10AFA00010BDBDEC028BBDE8104000E007E000F0F2
:10AFB0007DBDBDEC028BBDE8104000F085BD00EB0F
:10AFC000D07359104FF07E5202EBC15100EE101AAF
:10AFD000A0EB630002EBC05060EE200A00EE100A06
:10AFE00020EE208A18EE100A88B118EE100AB0F18F
:10AFF000FF4F15D018EE100AFFF7E2FC042808BF37
:10B0000000F06AFDB0EE480ABDEC028B10BD0220D4
:10B0100000F02AFEBDEC028BBDE8104000F05CBDE4
:10B02000022000F021FEBDEC028BBDE8104000F0D4
:10B030004BBD00000000501E3BAAB840000000BFFE
:10B040000000003F0070313EF4FD053712BB2A3D81
:10B0500012BB2A3EFFFFFF3EFFFF7F3F524D000025
:10B06000564D0000264D00000000004B00007E4EB3
:10B070000000803F0000A0850000000010EE100AD4
:10B08000C0F3C7517F391729A8BF7047DFED150AF4
:10B090009FED151A002970EE200A0DDAB4EEE01AC1
:10B0A000F1EE10FA1AD20028A8BF002016DAB0F18B
:10B0B000004F18BF0D4811E00D4ACA40104208BFAA
:10B0C0007047B4EEE01AF1EE10FA07D2002804DA65
:10B0D0004FF4000323FA01F10844904300EE100AF4
:10B0E00070470000CAF2497100000000000080BFF4
:10B0F000FFFF7F0010EE100A10B50023A0F500013D
:10B10000B1F1FE4F6DD200BF00F500216FF07E025D
:10B1100002EBE15CC1F302524FF07E5101EB0251B0
:10B1200000EE901AA0EBCC5003EB0C0100EE100ADD
:10B1300051EA020036D030EE601A70EE200A81EE3D
:10B14000200A60EE000A60EE201A9FED3E2A9FED75
:10B150003E1A3E4800EE821A61EE810A784401EE02
:10B16000101A00EB82009FED3A2AB8EEC11AD0ED1A
:10B17000001A384841EE021A784401EE101A00EB2A
:10B180008200B8EEC11A90ED002ADFED332A01EEFD
:10B19000222A9FED321A72EE200A40EE010A31EEA9
:10B1A000A00A10BDDFED2E0A9FED2E1A70EE600A88
:10B1B0009FED2D0A00EE810A9FED2C1A60EEA01A79
:10B1C00000EE801A9FED2A0A00EE810A9FED291AEF
:10B1D00021EE800A00EE810A9FED271A00EE810A17
:10B1E00010BD4FF07F41B1EB400F03D2BDE81040DE
:10B1F00000F05CBCB0F1FF4F08BF10BDDFED1F0ACF
:10B20000F4EEC00AF1EE10FA06DD012000F02CFD8C
:10B21000BDE8104000F050BCB4EE600AF1EE10FA48
:10B2200007D1022000F020FD00F034FCB1EE400A0E
:10B2300010BDDFED130A6FF0160320EE200A10EEAA
:10B24000100A61E7DE02323E3B3D943E184B00009F
:10B2500000209A3E1C4B0000FC849A36D95B5E3F6E
:10B260000000803F924FA93D7279DEBD2D3E143E15
:10B27000D85B5EBE157B4B3C0000D83E0000000052
:10B280000000004B10EE100A10B50023A0F50001DD
:10B29000B1F1FE4F67D200BF00F500216FF07E02D2
:10B2A00002EBE15CC1F302524FF07E5101EB02511F
:10B2B00000EE901AA0EBCC5003EB0C0100EE100A4C
:10B2C00051EA020036D030EE601A70EE200A9FED8F
:10B2D0003E2A3F4881EE200A9FED3C1A60EE000AAC
:10B2E00000EE821A60EE201A61EE810A784401EEC7
:10B2F000101A00EB82009FED372AB8EEC11AD0ED8C
:10B30000001A354841EE021A784401EE101A00EB9B
:10B310008200B8EEC11A90ED002ADFED302A01EE6E
:10B32000222A9FED2F1A72EE200A40EE010A31EE1A
:10B33000A00A10BDDFED2B0A9FED2B1A30EE600A3C
:10B34000DFED2A0A40EE010A9FED291A60EE001A8D
:10B3500000EE201ADFED270A40EE010A61EEA00A96
:10B3600030EE200A10BD4FF07F41B1EB400F03D209
:10B37000BDE8104000F09ABBB0F1FF4F08BF10BD10
:10B38000DFED1D0AF4EEC00AF1EE10FA06DD012031
:10B3900000F06AFCBDE8104000F08EBBB4EE600A1D
:10B3A000F1EE10FA07D1022000F05EFC00F072FB13
:10B3B000B1EE400A10BDDFED110A6FF0160320EE6A
:10B3C000200A10EE100A67E766F1CC3EAAAA2A3FCF
:10B3D000C84900000070313FCC490000F4FD053839
:10B3E000000000400000803F21ED423E0A1180BE77
:10B3F000C1ABAA3EFFFFFFBE000000000000004BF3
:10B4000010B52DED088B9FEDFE1A10EE100A10EE10
:10B41000901AB0EE418A0022A0F5000C4FF00073A4
:10B42000DFEDF89ABCF1FE4F4FF07F4403EB410C87
:10B4300080F0A481BCF1804FC0F01882F249014431
:10B440009FEDF23A9FEDF2AAB1F5005F40F2CA8299
:10B4500000F58021CB0C03F00F0100EE101AC3F3AE
:10B4600007137F3BA0EBC350B8EEC02A01EE900A51
:10B470001A44DFEDE82AB0EE410A02EE220AF0EEAD
:10B48000403A31EEA30A31EEE32A10EE100A00F53D
:10B4900000606FF30B0002EE900A73EEE23A73EE77
:10B4A000A13AC1EE001A22EE210A10EE100A00F5B0
:10B4B00000606FF30B0000EE100A00EE622A00EE4F
:10B4C000632A62EE212A70EE221A21EEA12ADFED14
:10B4D000D23A02EE233A23EE023A20EE012A22EE7D
:10B4E000811A03EE211A32EE010A10EE100A00F55D
:10B4F00000606FF30B0000EE100A72EE401A31EE9E
:10B50000812A9FEDC61A60EE011A9FEDC51A20EE42
:10B51000011A9FEDC40A02EE001A31EE810A10EE04
:10B52000100A00F500606FF30B0000EE100ABE4831
:10B5300071EEC01A31EE812A784400EBC10090ED23
:10B54000003AD0ED011A100101EE100AF8EEC12AFE
:10B5500032EE211A31EE001A31EE031A31EE221AC0
:10B5600011EE100A00F500606FF30B0008EE900A70
:10B5700038EEE21A31EE431A31EE400A30EE610A3B
:10B5800072EE40AA10EE900A002100F500606FF301
:10B590000B0009EE100A084630EEC9BAF5F750FA6A
:10B5A00028EE890A00F00C01F0EEC00A10EE900AB5
:10B5B000B0F18B4F0FDD10EE900AB4EB400F0AD3C1
:10B5C00010EE100A4FF08B42B0EE699A62F31E0043
:10B5D00008EE900A13E068EE8B0A39EE0B1A4AEE79
:10B5E000810A30EE201A11EE100A00F500606FF3A8
:10B5F0000B0008EE900A30EE680A30EE209A0C201C
:10B60000F5F71EFA38EE890AB4EEE90AF1EE10FAFF
:10B6100038BF9FED86AA3AEE000ABDEEC00A10EED2
:10B62000100A011100EE101AF8EEC00A00EE100A1E
:10B63000B8EEC00A38EEC00A30EE090ADFED7C1A17
:10B640009FED7C1A00EE211ADFED7B1A7B4900F09A
:10B650000F0040EE011A21EE800A794401EB8001CF
:10B6600091ED001A7649794401EB8001D1ED001A81
:10B67000744901EE801A794401EB8000724990ED23
:10B68000000A31EE001AB0EEE00A10EE100A88420D
:10B6900015DA10EE100AB4EB400F10D39FED6B0AD1
:10B6A00030EE800ADFED6A0A20EE200A68EE010A19
:10B6B000BDEC088BBCEEC00A20EE200A10BD10EED7
:10B6C000100A6449884233DA10EE100AB4EB400FD6
:10B6D0002ED3BDEEE00A68EE010A10EE100A00EB70
:10B6E000D0725110C90501F17E5100EE101AA0EB85
:10B6F0006200C00560EE200A00F17E5000EE100AE4
:10B7000060EE808A18EE900AB4EB400F25D018EE58
:10B71000900A400011D018EE900AFFF751F9042862
:10B7200008BF00F0D9F9B0EE680ABDEC088B10BD77
:10B73000F4EEE90AF1EE10FA0FD2022000F094FACA
:10B7400000F0CAF918EE100A10EE101ABDEC088BC2
:10B7500061F31E0000EE100A10BD022000F084FA12
:10B7600000F0B2F918EE100A10EE101ABDEC088BBA
:10B7700061F31E0000EE100A10BD00BFBCF1804F47
:10B7800074D300BF00F1FF43B3F1FE4F24D200BFDA
:10B79000B0EEC00A10EE100AC1F3C7537F2B0DDBC9
:10B7A000972BBFF64BAEC3F196034FF0010C0CFA8A
:10B7B00003F3A3F1010C1CEA010F08D0012000F0F3
:10B7C00053FABDEC088BBDE8104000F075B90B4290
:10B7D00018BF9FED218A31E643001CBF4FF08073F4
:10B7E000B3EB400F3CD96FF01A02DFED1C1A20EECC
:10B7F000210A10EE100A10F0004FC9D11EE635E004
:10B800000000803F00000000001080C0ABAAAA3EEC
:10B810000000003F0000803D7EE24C3E00B0384218
:10B82000D49AB8BB3BAA3842BC470000000000BF16
:10B83000FC596337C9FF753A1872313D5A47000009
:10B840008E470000FE4600000000FC420000FE4261
:10B850000000004B00004043000080BF0000004D8E
:10B86000A0F50003B3F1FE4F21D2E7E503EB41035E
:10B87000B3F1007F11D3F4EE690AF1EE10FA05D1AD
:10B88000430018BFB4EB400F76D87BE701F00041CE
:10B8900041F0FC5100EE901A74E7B3F1807F06D2BC
:10B8A00010EE903AA3F5000300EE903A6AE720F01C
:10B8B00000426FF0FF4C604C02EB0C03A34210D32C
:10B8C00021F000439C44A4450BD3B0F17E5F18BF28
:10B8D0005FEA410C50D0B2F1FF4F98BFB3F1FF4F78
:10B8E00005D9BDEC088BBDE8104000F0E2B8B0F11E
:10B8F000FF4F0FD0C1F3C7527F2A09DB972A11DA15
:10B90000C2F19602012303FA02F2531E0B4205D044
:10B91000002208E011F0004F55D128E00A4218BF7C
:10B92000012200D1022210F5000F13D028B3B0F18C
:10B93000004F26D010F1814F4FD04FF0FE42B2EBB6
:10B94000400F94BF01200020012202EBE1718842E8
:10B9500039D10CE011F0004F02D0012A38D032E08A
:10B96000012A02BF9FED350ABDEC088B10BD9FED8B
:10B97000340ABDEC088B10BD2FE011F0004F0CD144
:10B9800021E0B1F1FF4F1ED011F5000F05D011F0ED
:10B99000004F15D00AB1012A08D0022000F064F946
:10B9A000BDEC088BBDE8104000F074B8022000F038
:10B9B0005BF900F06FF8BDEC088BB1EE400A10BDEA
:10B9C0000AB1012A04D0B0EE690ABDEC088B10BDA3
:10B9D000BDEC088B9FED1B0A10BDBDEC088BB0EED3
:10B9E000410A10BD30EE410A9FED171A9FED182A4B
:10B9F00000EE413AB0EE4A1A60EE001A00EE431A29
:10BA000061EEC11A9FED111A20EE011A20EE020A12
:10BA10009FED102A01EE820A71EE001A11EE900AD3
:10BA200000F500606FF30B0008EE900A31EE681A23
:10BA300071EE00AAA6E50000FFFF3F00000080FFB6
:10BA40000000807F000000800000803E00B0B84110
:10BA5000D49A38BB3BAAB84110B52DED028BB1EE9C
:10BA6000C08A18EE100A20F00040C0F1FF40C00F5D
:10BA70000AD010EE100A20F00040C0F1FF40C00FC5
:10BA800004BF012000F0F0F8B0EE480ABDEC028BD4
:10BA900010BD0000DFED030A9FED031A80EE810A5E
:10BAA000704700000000803F0000000030EE000AF8
:10BAB000704730EE200A7047DFED020A80EEA00AE0
:10BAC00070470000000000009FED020A20EE000A0F
:10BAD00070470000000000709FED020A20EE000A8F
:10BAE00070470000000000102DE9F0014FF07F4288
:10BAF000B2EB410F9FBF4FF0FF310160BDE8F00195
:10BB000070474FF0004242EA0123C1F3C752783A2E
:10BB1000551112F01F0C434CCCF120067C44C1F3AC
:10BB2000C752A2F178024FEA621204EB820254F883
:10BB3000254008BFD2E9015612D0556804FA0CF42A
:10BB400025FA06F73C43976805FA0CF527FA06F83C
:10BB5000D26807FA0CFCF24045EA08054CEA0206F6
:10BB6000A4FB034CA5FB0352A6FB03631D449D42AB
:10BB700034BF012600261319334416B1934202D96B
:10BB800003E0934201D2012200E00022624402F16C
:10BB9000200C9206DC0C42EA443200EE102A5B03D1
:10BBA000DFED210AF8EEC01A00EE103A4FEA9C1CB5
:10BBB00011F0004FB8EE400AC0F800C020EE201A85
:10BBC00000EE105ADFED190AB8EE400A20EE200A06
:10BBD00071EE810A70EE800A10EE902A02F5006282
:10BBE0006FF30B0200EE902A70EEE11A31EEC11AEB
:10BBF000DFED101A30EE411A9FED0D0A20EE800A9B
:10BC000001EE210A9FED0C1A00EE810A04BFBDE887
:10BC1000F0017047CCF180510160BDE8F001B1EE58
:10BC2000400A704718430000000000360000802CD6
:10BC300022AAFD29DB0FC92F0000C92F0148006887
:10BC4000704700004007002402E008C8121F08C126
:10BC5000002AFAD170477047002001E001C1121F8D
:10BC6000002AFBD1704700000149086070470000BE
:10BC7000400700242DE9FF5F82B00021DDE9043098
:10BC8000020DDDF840B0034318D044F61050A2F284
:10BC9000FF3242431514119801281FD0A5EB0B0069
:10BCA000401C5FEA000A4FF000064E4FDFF8389163
:10BCB000B046504615D5CAF1000413E0119801248E
:10BCC0004AA3012801D16FEA0B010298119AC0E939
:10BCD0000031C0E9024206B0BDE8F09FCBF10000A0
:10BCE000DFE704460021404A491842EB0450CDE901
:10BCF000001012E0E00707D032463B464046494676
:10BD0000F4F78DFD8046894632463B46104619467B
:10BD1000F4F785FD06460F466410002CEAD1DDE9F4
:10BD20000401DDE90023BAF1000F06DAF4F777FD2C
:10BD300042464B46F4F773FD05E0F4F7E2FD424658
:10BD40004B46F4F7DEFD04460E460022284BF4F77E
:10BD50005FFE03D84FF0FF30014607E00022254B7D
:10BD600020463146F4F7B4FCF4F73AFE102409E01B
:10BD7000002C0ADB0A220023F4F70CFB039B303271
:10BD80001A55641E50EA0102F2D1641C039AC4F1F0
:10BD900011031444119A012A03D0012208430DD142
:10BDA0000AE0084304D000204FF0110B119072E715
:10BDB000A3EB0B056D1E0DE05B4504DD4FF00002AB
:10BDC00005F1010504E003DA4FF00002A5F10105D9
:10BDD000002AECD002981199C0E90231C0E900456F
:10BDE00079E70000000014400000F03F3000000040
:10BDF0000000F0430000E03F30380A2801D2012063
:10BE000070470020704700002DE9FF4F95B09A461B
:10BE1000884606460025EEE1252877D100242746EE
:10BE2000F94A0121039400E0044316F8013F203B46
:10BE300001FA03F01042F7D130782A2811D06FF0C0
:10BE40002F033078A0F13002092A16D8039A44F063
:10BE5000020402EB820203EB42021044761C0390C0
:10BE6000EFE758F8042B0392002A03DA504244F417
:10BE70000054039044F00204761C30782E2816D12A
:10BE800016F8010F44F004042A280DD06FF02F0299
:10BE90003078A0F13003092B09D807EB870302EBB8
:10BEA0004303C718761CF3E758F8047B761C3078F8
:10BEB0006C280FD006DC4C2817D068280DD06A28D3
:10BEC00014D104E0742810D07A280FD10DE044F486
:10BED00000140AE044F4801401E044F44014727841
:10BEE000824202D104F58014761C761C30786628D4
:10BEF0000BD013DC582877D009DC002875D04528F2
:10BF0000F6D04628F4D047281AD193E118E06328E8
:10BF100035D0642879D0652812D18BE1702873D090
:10BF200008DC6728F1D069286FD06E280DD06F2803
:10BF300006D1ACE073282CD0752874D0782853D063
:10BF40005246179990476D1C54E1C4F302500228E1
:10BF500009D003280DD0D8F8001004280DD00D60AA
:10BF600008F1040846E1D8F80010EA17C1E90052C8
:10BF7000F6E7D8F800100D80F2E70D70F0E718F83A
:10BF8000041B8DF8001000208DF80100EB46012005
:10BF900003E058F804BB4FF0FF3061074FF0000199
:10BFA00002D40DE009F101018946B9420FDA814559
:10BFB000F8DB1BF809100029F4D108E009F10101B0
:10BFC00089468142FADB1BF809100029F6D1039853
:10BFD0005346A0EB090721463846179A00F080FA2D
:10BFE000284400EB090507E044E008E10DE01BF8F8
:10BFF000010B524617999047B9F10109F7D2534600
:10C0000021463846179AF2E039E00A21C4F3025279
:10C010004FF0000B0091022A06D058F8040BC1170C
:10C02000032A09D00AE023E008F1070020F0070204
:10C03000F2E80201904605E000B2C117042A01D1DE
:10C0400040B2C117002906DA0A460021404261EBDE
:10C0500002012D2202E0220504D52B228DF80420B6
:10C06000012203E0E20701D02022F7E7914657E0E2
:10C070000A2100E010214FF0000B00910BE010218D
:10C080004FF0000B44F004040827009103E008205F
:10C090004FF0000B0090C4F30252022A05D058F86A
:10C0A000040B0021032A08D008E008F1070020F063
:10C0B0000702F2E80201904603E080B2042A00D1B0
:10C0C000C0B24FF0000922072AD53278702A07D073
:10C0D000DDF800C08CF0100C5CEA0B0C05D00EE013
:10C0E00040228DF80420012208E050EA010306D026
:10C0F00030238DF804308DF8052002229146009BF4
:10C1000083F0080353EA0B030AD150EA010201D17C
:10C11000620705D530228DF804204FF001097F1EFB
:10C120003278582A04D039A20C920CAA02920BE061
:10C130003BA2F9E75B46009AF4F72CF90C9B9B5C59
:10C14000029A521E0292137050EA0102F2D1029832
:10C1500004A9081A00F1200B600702D524F48034EA
:10C1600000E001275F4502DDA7EB0B0000E00020A7
:10C1700000EB0B01009003984944401A0390E00340
:10C1800006D453462146179A039800F0A9F90544AE
:10C19000002706E001A85246C05D179990476D1C24
:10C1A0007F1C4F45F6DBE0030CD553462146179A1A
:10C1B000039800F095F9054404E0302052461799A1
:10C1C00090476D1C0099481E00900029F5DC08E09E
:10C1D0000298029952460078491C0291179990479B
:10C1E0006D1CBBF10001ABF1010BF1DC5BE100F078
:10C1F00065F90544761C307800287FF40DAE19B03F
:10C200002846BDE8F08F00000928010030313233A4
:10C210003435363738396162636465660000000082
:10C22000303132333435363738394142434445466C
:10C2300000000000600700D4062708F1070020F086
:10C240000700F0E80223804603F0004C5FEA0C0090
:10C2500001D097A009E0200501D596A005E0E007F0
:10C2600001D095A001E0AFF24C001390307823F09C
:10C27000004365280CD006DC452809D046281DD08F
:10C2800047287FD13BE0662818D067287AD136E06E
:10C290000021112F01DB112000E0781CCDE9000105
:10C2A00004A90CA8FFF7E6FCDDE90D010C9A4FF09C
:10C2B000000B07F10109109200914EE04FF0004091
:10C2C0000097CDE9011004A90CA8FFF7D3FCDDE924
:10C2D0000D020C9B0F994FF0000B914610930092AA
:10C2E00011B9791C00EB0109B7EB090003D4C0F1C7
:10C2F000FF3B07F10109A9EB0700019042E0012F84
:10C3000000DA01270021112F01DD112000E038465D
:10C31000CDE9000104A90CA8FFF7ACFCDDE90D0193
:10C320000C9A00914FF0000BB946109221070FD4E0
:10C33000009A4A4503DA914601E0A9F10109B9F1F1
:10C34000010F05DD109AA9F10101515C3029F4D0EB
:10C35000B84202DA10F1040F03DA0121CDE901102D
:10C3600010E0002803DC8344A9EB000102E0411C3B
:10C37000494500DD8946A0EB0B00401C01904FF0C1
:10C3800000400290200705D40198484502DB4FF099
:10C39000FF30019000208DF84B0002980DF14B0703
:10C3A000B0F1004F25D002200C902B200D90029868
:10C3B00000280CDA404202902D200D9007E00A215F
:10C3C0000298F4F7A6F83031029007F8011D0C9995
:10C3D000481E0C900029F2DC02980028EFD1791E4B
:10C3E0000D980870307800F0200040F0450007F804
:10C3F000020D11A8C01BC01D02901398007800B157
:10C40000012000EB0901019801EBE0710298014461
:10C410000398401A401E0390E00306D45346214679
:10C42000179A039800F05CF805441398007818B147
:10C430005246179990476D1CE00323D55346214679
:10C44000179A039800F04CF805441BE0BBF1000F6D
:10C4500007DB0098584504DD1098179910F80B0079
:10C4600001E0179930205246904701980BF1010BDB
:10C47000401E05F10105019004D12E205246179966
:10C4800090476D1CB9F10001A9F10109DEDC05E05E
:10C4900017F8010B5246179990476D1C0299481ED8
:10C4A00002900029F4DC53462146179A03989EE631
:10C4B0002D0000002B000000200000002DE9F041BD
:10C4C000044600251E461746880404D405E0394674
:10C4D0002020B0476D1C641EF9D52846BDE8F081C8
:10C4E0002DE9F041044600251E469046C80301D5BB
:10C4F000302700E02027880404D505E0414638466F
:10C50000B0476D1C641EF9D52846BDE8F081F5F7EB
:10C51000F5BD002201211046F5F72ABEF5F7FABE57
:10C52000F5F7A6BF0000000030B583B00446FFF762
:10C5300085FB9FED090B05468DED000B0022214682
:10C540006846F4F792F82846FFF78EFB9DED000B46
:10C5500003B051EC100B30BD0000000000000000E3
:10C560000022DFED090A06E000EB8203521C93ED86
:10C57000000A70EE200A8A42F6D300EE101AB8EED6
:10C58000401A80EE810A7047000000000022DFEDB3
:10C59000090A06E000EB8203521C93ED000A70EEDC
:10C5A000200A8A42F6D300EE101AB8EE401A80EE46
:10C5B000810A70470000000030B5002304464FF4A4
:10C5C0007A7503E0284600F005F85B1CA342F9D316
:10C5D00030BD0000002809D00549064A0968B1FBB2
:10C5E000F2F1414300E000BF491EFCD27047000059
:10C5F0002400002400093D0019B3F5EEC00AF1EE55
:10C6000010FA1ED080EE201A0F49104A11EE100ABF
:10C610000844904201D20120704711EE100A0C4AE2
:10C620000C491044884201D20220704711EE100AD2
:10C6300008496FF07C52491E1044884201D2032001
:10C6400070470020704700009999D9C09999190046
:10C65000999999C06666260013B5044801224FF6E1
:10C66000FF736946FBF792FC00981CBD94090024F7
:10C6700010B5002821D0114B0022001F196803E0DB
:10C68000814203D80A4649680029F9D152B113689A
:10C69000841A9C4204D1006818441060104602E0DD
:10C6A000506000E0186039B102680B1A934203D160
:10C6B0000B681A4402604968416010BD38070024C5
:10C6C0002DE9FF4F80469B4600EE108A81B00E4652
:10C6D000B8EE400ADDF838A0FEF70CFDFEF7CEFC00
:10C6E000BCEEC00A10EE109A00EE106AB8EE400AD6
:10C6F000FEF700FDFEF7E6FABCEEC00A00254C4648
:10C7000010EE107A47E000BF00EE104AF8EE400A43
:10C71000B2EE040AFEF774FEBCEEC00A424610EE0A
:10C72000100A404500EB80014FEA410100D210465B
:10C73000B14200D9314681422CD9039A4C4501D0EF
:10C74000BC421CD104EB84020B1AC0EB420C039ACE
:10C7500000EE903A01EE10CA00EE102AF8EE600AE0
:10C76000B8EE411AF8EE401A80EE810A21EE800AF6
:10C77000BCEEC00A10EE102A022A00D20222DAF819
:10C7800000C0AB18009363450CD80BEB850300F099
:10C790002BF8009D641CBC42B6D9CAF8005005B005
:10C7A000BDE8F08FDAF80020541BF6D00BEB8503C0
:10C7B000224600F019F82544EFE7000070B5012A81
:10C7C00001D8186070BD0C1A551E002108E000BF8A
:10C7D00004FB01F6B6FBF5F6064443F82160491C5C
:10C7E0009142F5D370BD000070B5012A1E46154672
:10C7F0000C462DED048B03D81860BDEC048B70BD86
:10C8000000B9012000EE100AB8EE400AFEF73AFD2A
:10C81000B0EE408A00EE104AB8EE400AFEF732FD54
:10C82000681E70EE480A00EE100A0024B6EE009A68
:10C83000B8EE400AC0EE808A13E000BF00EE104A56
:10C84000F8EE400AB0EE480A00EEA80AFEF71CFB1C
:10C8500030EE090ABCEEC00A10EE100A46F82400B9
:10C86000641CAC42EAD3C8E72DE9F04114460F46F8
:10C870002DED068BB7EE008A9FED499A40B1661EFA
:10C880009FED48AA01280DD0022834D0002082E074
:10C89000002004E007EB8001401C81ED008AA042EB
:10C8A000F8D37AE00025F6EE008A18E000EE105A80
:10C8B00000EE906AB8EE400AF8EE600A20EE0A1A1E
:10C8C00081EE200AF4F70CFDB0EE688A07EB8500D4
:10C8D00000EE688A6D1C80ED008A38EE099AA54248
:10C8E000E4D300EE104AF8EE400A80EE890ABDEC6F
:10C8F000068BBDE8F08100253BE000BF00EE105A3A
:10C9000000EE906AB8EE401AB8EE600A61EE0A0ACC
:10C91000C0EE809AB0EE690AF4F7E2FCDFED220A7D
:10C92000F0EE488A40EE608AB0EE000A29EE800AF6
:10C93000F4F7D6FCDFED1D0A40EE208AB0EE080ABF
:10C9400029EE800AF4F7CCFCDFED190A40EE608A8C
:10C95000B1EE000A29EE800AF4F7C2FCDFED150AF9
:10C9600007EB85006D1C40EE208AC0ED008A38EE92
:10C97000899AA542C2D300EE104ADFED0F0AB8EE45
:10C98000400A80EE091A21EE200AB0E707EB800189
:10C99000401C81ED008AA042F8D3B0EE480AA6E719
:10C9A00000000000DB0FC9403D0AF73FB81EA53F5D
:10C9B000F0A7C63E6F12033D1B2F5D3E002801D03D
:10C9C000B1FBF0F07047000070B536A10646F3F7F2
:10C9D00036FD354D354C88B135A13046F3F72FFD86
:10C9E000002857D035A13046F3F729FD002854D050
:10C9F00035A03146BDE87040FDF7D2BF38A0FDF745
:10CA0000CFFF29683DA0FDF7CBFF42480078012801
:10CA100038D041A142A0FDF7C3FF4548016845A0B9
:10CA2000FDF7BEFF4948016849A0FDF7B9FF21683D
:10CA30004CA0FDF7B5FF5248017852A0FDF7B0FFBA
:10CA40005548016855A0FDF7ABFF5A4890ED000A24
:10CA500059A0B7EEC00A53EC102BFDF7A1FF5C48BC
:10CA600001785CA0FDF79CFF5D48007860B101286B
:10CA70000CD002280CD0032812D15AA0BDE8704077
:10CA8000FDF78EBF5DA1C5E75EA0F7E763A0F5E700
:10CA900069A0F3E7296819A0ACE7216831A0A9E7EC
:10CAA00070BD0000414C4C00080100241801002416
:10CAB0004444535F46524551000000004144435FE7
:10CAC0005241544500000000556E6B6E6F776E202A
:10CAD000706172616D657465723A2025730A000099
:10CAE0003D3D3D2053797374656D20506172616DD9
:10CAF0006574657273203D3D3D0A00004444532037
:10CB00004672657175656E63793A20256C752048AB
:10CB10007A0A00000C010024414439393534000000
:10CB200044445320547970653A2025730A0000006C
:10CB3000100100244444532050686173653A202555
:10CB40006C7520646567726565730A0014010024C2
:10CB500044445320416D706C69747564653A2025B6
:10CB60006C750A004144432053616D706C6520521E
:10CB70006174653A20256C7520487A0A000000002F
:10CB80001C0100244441432057617665666F726D35
:10CB90003A2025640A00000020010024444143207B
:10CBA0004672657175656E63793A20256C7520480B
:10CBB0007A0A00002401002444414320416D706C36
:10CBC00069747564653A20252E326620560A000085
:10CBD0002801002452656C61793A2025640A00001E
:10CBE0002901002446756E6374696F6E2053746169
:10CBF00074653A204449590A00000000414439381C
:10CC00003333000046756E6374696F6E2053746130
:10CC100074653A204C43520A0000000046756E636A
:10CC200074696F6E2053746174653A2053504543A4
:10CC30005452554D0A00000046756E6374696F6E5C
:10CC40002053746174653A2054494D450A00000030
:10CC500010B50178134C412910D061290ED0442918
:10CC600015D0642913D00A220021F3F719FC0146DC
:10CC700020600DA0BDE81040FDF792BE0A22002101
:10CC8000401CF3F70DFC0146206013A0F2E70A22D6
:10CC90000021401CF3F704FC17490860014617A067
:10CCA000E8E7000018010024536574204144432044
:10CCB00073616D706C65207261746520286C6567A6
:10CCC00061637920666F726D6174293A20256C75F5
:10CCD00020487A0A00000000536574204144432034
:10CCE00073616D706C6520726174653A20256C7596
:10CCF00020487A0A000000000801002453657420CF
:10CD0000444453206672657175656E63793A2025D7
:10CD10006C7520487A0A00002DE9F0478946804664
:10CD200098A1F3F78CFB9A4C00289A4D3ED09AA11B
:10CD30004046F3F784FB002859D09AA14046F3F708
:10CD40007EFB00284FF000064FF0010759D098A154
:10CD50004046F3F774FB002868D098A14046F3F7EB
:10CD60006EFB002875D097A14046F3F768FB0028BA
:10CD70004FF0020576D096A14046F3F760FB0028FD
:10CD800071D096A14046F3F75AFB00286CD095A1CC
:10CD90004046F3F754FB002867D094A14046F3F7D0
:10CDA0004EFB00287ED093A04146E5E00A2248468B
:10CDB0000021F3F775FB954E0146306094A0FDF716
:10CDC000EFFD2078012807D096ED000ABDE8F04776
:10CDD000B8EE400BF5F74CBB96ED000A2868002230
:10CDE000BDE8F0470121B8EE400BF5F7C1B90A22C2
:10CDF00048460021F3F754FB8C49086001468CA09B
:10CE0000BAE093A14846F3F71AFB48B192A148460D
:10CE1000F3F715FB38B192A0BDE8F047FDF7C0BDB0
:10CE200094A02770F8E799A02670F5E70A224846F3
:10CE30000021F3F735FB014628609AA0FDF7B0FD0D
:10CE4000207800287DD12888BDE8F04780B2F5F72A
:10CE500037BB0A2248460021F3F722FB984D0146D2
:10CE6000286003E013E032E040E054E095A0FDF7D5
:10CE700097FD2078012805D02888BDE8F04780B2CA
:10CE8000F5F7D6BA2878BDE8F047F5F7F9B893A1D9
:10CE90004846F3F7D4FA934C60B193A14846F3F7B0
:10CEA000CEFA00E046E038B191A14846F3F7C7FA60
:10CEB00020B104E0267002E0277000E025708FA00A
:10CEC0004946FDF76DFDBDE8F04701F0E3BD0A22DC
:10CED00048460021F3F7E4FA8E49086001468EA027
:10CEE000FDF75EFDBDE8F04701F0C0BD4846FFF725
:10CEF0001BFB00EE100A8F48B8EEC00A80ED000A56
:10CF0000B7EEC01A8CA053EC112BFDF749FDBDE81C
:10CF1000F04701F097BD0A2248460021F3F7C0FA16
:10CF2000C1B28C4801708CA0FDF73AFDBDE8F04716
:10CF300001F0DEBD8CA14846F3F781FA8B4C88B135
:10CF400000E01DE08AA14846F3F779FA60B18BA1B1
:10CF50004846F3F774FA48B18AA14846F3F76FFAE6
:10CF600030B107E0267005E0277003E0257001E08E
:10CF70000320207084A04946BDE8F047FDF710BDAE
:10CF8000BDE8F0874444535F46524551000000001D
:10CF90000C010024100100244144435F52415445D8
:10CFA000000000004444535F545950450000000005
:10CFB0004444535F50484153450000004444535F8C
:10CFC000414D50004441435F574156450000000029
:10CFD0004441435F46524551000000004441435FD5
:10CFE000414D500052454C415900000046554E43BA
:10CFF00000000000556E6B6E6F776E20706172617D
:10D000006D657465723A2025730A000008010024DA
:10D0100053657420444453206672657175656E6370
:10D02000793A20256C7520487A0A000018010024FE
:10D03000536574204144432073616D706C652072A8
:10D040006174653A20256C7520487A0A000000005A
:10D050004144393833330000414439393534000014
:10D06000496E76616C69642044445320747970651C
:10D070000A0000005365742044445320747970659D
:10D080003A204144393833330A0000005365742094
:10D0900044445320747970653A2041443939353419
:10D0A0000A00000053657420444453207068617383
:10D0B000653A20256C7520646567726565730A00A2
:10D0C000140100245365742044445320616D706C36
:10D0D00069747564653A20256C750A0053494E459C
:10D0E000000000001C01002453515541524500002E
:10D0F000545249414E474C4500000000536574208E
:10D100004441432077617665666F726D3A202573DE
:10D110000A0000002001002453657420444143208C
:10D120006672657175656E63793A20256C75204865
:10D130007A0A0000240100245365742044414320EE
:10D14000616D706C69747564653A20252E326620B5
:10D15000560A0000280100245365742072656C6132
:10D16000793A2025640A00004C435200290100242A
:10D17000535045435452554D0000000054494D450D
:10D1800000000000444959005365742066756E63C1
:10D1900074696F6E2073746174653A2025730A0098
:10D1A0001FB500240094019402940394F8F78AFABE
:10D1B00001208DF80C001F218DF8081087228DF8B2
:10D1C00009208DF80D008DF8000068468DF80A40A2
:10D1D0008DF80E408DF8014001948DF80B408DF8CC
:10D1E0000F40F8F741FA0420F8F77AFA3F4B186835
:10D1F000C00322D43D4870300460BFF34F8F001F3E
:10D2000043F6FF7400683A4DC0F34E31C0F3C902D3
:10D2100004EA4116104600BF46EA80772F60401EA0
:10D22000FAD2491EF4D2BFF34F8F186840F4803011
:10D230001860BFF34F8FBFF36F8FF8F7A5F9FCF7B6
:10D240000BFCFBF741FCFBF73FFA2A48016841F071
:10D250000101016000680022052100F0010000903A
:10D260000B20F8F76FFA0B20F8F75EFA0022052181
:10D270000C20F8F767FA0C20F8F756FAFBF75CF980
:10D28000FBF7C2FAFBF77CFBFBF7E8FAFBF7AAF91E
:10D29000FBF70EFBFBF7E8F9FBF73EFB00F08EFD1A
:10D2A000154A0021154800F0B7FD154C0021124A1F
:10D2B00024322060134800F0AFFD0F4A0021606067
:10D2C0001148483200F0A8FD0B4A0021A0600F4829
:10D2D0006C3200F0A1FD084A0021E0600C48903259
:10D2E00000F09AFD206100F07BFDFEE714ED00E008
:10D2F00060EF00E0D8440258A8F90008F59900084A
:10D30000000000244D8D000801990008FD990008D7
:10D3100045970008F0B50B30154D20F007010024AB
:10D32000144A0FE003688B420BD38B4205D95E1A77
:10D3300043184768C3E9006700E04368136002C010
:10D3400004E0021D10680028ECD12046002802D11C
:10D35000286808B10020F0BD064A07481060074A57
:10D36000121A22F00702C0E9002401202860D7E742
:10D370003C07002438070024543703245039032481
:10D380002DE9F0431F46904601230E462DED048BF8
:10D3900083B004461D035F4800222946DDF838901B
:10D3A000F3F7B8FEB8F1000FF7EE008A11D05A4B30
:10D3B00065215A4AA3F10C000095F4F7A9F9554AE2
:10D3C0002B4621462C3202F50040F3F7D1FF514C99
:10D3D0002C3429462046FFF7C3F8002004EB8001D7
:10D3E000401CD1ED000AA84270EEC00AC1ED000A4F
:10D3F000F4D36FB14A492A463846FFF735FA484A0E
:10D400002B46F0EE408A11462046F4F75BFA444C76
:10D41000444F9FED458A3F48058800200CE000BF3F
:10D4200004EB8001421C91ED000A07EBC00190B2B1
:10D4300081ED000A81ED018AA842F1D339493548CE
:10D44000F3F747FE39492A463648F3F7ADFE002484
:10D450003649621E012002EB55020DE001EB80030C
:10D4600093ED000AB4EEC80AF1EE10FA02DDB0EE58
:10D47000408A0446401C80B28242EFDC2C48B9F15D
:10D48000000F0068B0FBF5F000FB04F000EE100A9E
:10D49000B8EE409A0AD025486B464A46214600F02D
:10D4A0006FFD18B99DED009A9DED018A07EBC40050
:10D4B000D0ED000A90ED010AFDF7AAFA28EE281A2D
:10D4C00000EE905AB0EE002ADFED1A1A21EE021A91
:10D4D000F8EE600A20EE218A81EE200A86ED000A2D
:10D4E000B0EE000AFEF7B8FAD6ED001AB6EE001A52
:10D4F000FCEEC90A20EE210A20EE010A86ED010A9F
:10D50000C6ED020A86ED038A03B0BDEC048BBDE8CC
:10D51000F083000040F40124787402249CFA00088F
:10D520006C340224401401240000000040940124C3
:10D53000C0000024E02E6542002809D00549026899
:10D540000A6042684A60007A087203A0FDF728BAB0
:10D550007047000040F7022454696D6520446574EB
:10D56000656374204D6F64756C6520496E697469DC
:10D57000616C697A65640A00F0B52DED028B8DB09F
:10D580000C4607466AA0FDF70BFA002F26D0002CA8
:10D5900024D075A0FDF704FA18212046F2F744FFC5
:10D5A0007C4D38466968FEF7F1FFB0EE408A84EDA5
:10D5B000018AB7EEC80A78A053EC102BFDF7F0F9FA
:10D5C00068688000FFF7A6FE060010D080A0FDF777
:10D5D000E7F9287A00287DD000201AE08BA0FDF71B
:10D5E000DFF94FF0FF300DB0BDEC028BF0BD97A01E
:10D5F000FDF7D6F96FF00100F5E700BF07EB8001FA
:10D6000006EB800291ED000A401C30EE480A82EDE4
:10D61000000A69688142F1D898A000BFFDF7C0F9FF
:10D62000A4A0FDF7BDF9022000900123304600229E
:10D6300006A9FFF7A5FEACA0FDF7B2F90899B7A0BF
:10D64000A160FDF7ADF92968A068FFF7B7F90146B9
:10D65000E060C2A0FDF7A4F96D68E06810B1A842CF
:10D6600000D20546CBA02946FDF79AF92246294665
:10D670003046F4F7AFFC94ED000AD6A0B7EEC00A2E
:10D6800053EC102BFDF78CF90AAB294604AA30465F
:10D69000F4F750F80BAB294605AA3046F4F7AEF87C
:10D6A000DDED050A9DED040AF6EE001AB7EEE02A5C
:10D6B00030EE601AD44821EE218AB7EEC01AB7EED8
:10D6C000C80A8DEC041B53EC102BFDF769F994ED9F
:10D6D000000A00E024E0E1683046F0EE480AFEF778
:10D6E0008BFF01466061C9A0FDF75AF9B5EEC08A0B
:10D6F000F1EE10FA0CDDD4ED000AD1A080EE880A1C
:10D7000084ED040AB7EEC00A53EC102BFDF748F97C
:10D710003046FEF7ADFFD848FDF742F9002062E73A
:10D720006868394682003046F2F765FED3A075E797
:10D730006D795F74696D655F6465746563745F734B
:10D74000746172743A205374617274696E672074E4
:10D75000696D6520646F6D61696E206465746563D1
:10D7600074696F6E0A0000006D795F74696D655FA2
:10D770006465746563745F73746172743A20506198
:10D7800072616D65746572732076616C6964617431
:10D7900065640A0040F702246D795F74696D655F06
:10D7A0006465746563745F73746172743A20444392
:10D7B00020636F6D706F6E656E742063616C63754E
:10D7C0006C617465643A20252E36660A00000000FC
:10D7D0006D795F74696D655F6465746563745F73AB
:10D7E000746172743A204D656D6F727920616C6C52
:10D7F0006F636174656420666F722066696C74651E
:10D8000072656420646174610A0000006D795F7460
:10D81000696D655F6465746563745F737461727468
:10D820003A20506172616D65746572206572726F25
:10D8300072202D2064617461206F7220726573758F
:10D840006C74206973204E554C4C0A006D795F74DE
:10D85000696D655F6465746563745F737461727428
:10D860003A204D656D6F727920616C6C6F636174E5
:10D87000696F6E206661696C65640A006D795F741A
:10D88000696D655F6465746563745F7374617274F8
:10D890003A20444320636F6D706F6E656E7420662E
:10D8A000696C74657265642066726F6D2064617462
:10D8B000610A00006D795F74696D655F6465746508
:10D8C00063745F73746172743A2043616C6C696E47
:10D8D00067206D795F61726D6366667433325F6174
:10D8E00070706C790A0000006D795F74696D655F16
:10D8F0006465746563745F73746172743A206D79E2
:10D900005F61726D6366667433325F6170706C79EB
:10D9100020636F6D706C657465640A006D795F7467
:10D92000696D655F6465746563745F737461727457
:10D930003A2046756E64616D656E74616C20667226
:10D94000657175656E63792064657465637465647B
:10D950003A20256C7520487A0A0000006D795F74C2
:10D96000696D655F6465746563745F737461727417
:10D970003A20506572696F6420706F696E7473200D
:10D9800063616C63756C617465643A20256C750A1B
:10D99000000000006D795F74696D655F6465746592
:10D9A00063745F73746172743A20506F696E74733C
:10D9B00020746F2075736520666F7220524D53205E
:10D9C00063616C63756C6174696F6E3A20256C7568
:10D9D0000A0000006D795F74696D655F6465746548
:10D9E00063745F73746172743A20524D5320766190
:10D9F0006C75652063616C63756C617465643A2055
:10DA0000252E36660A000000200001086D795F743B
:10DA1000696D655F6465746563745F737461727466
:10DA20003A2057617665666F726D20747970652053
:10DA300064657465637465643A2025640A000000B7
:10DA40006D795F74696D655F6465746563745F7338
:10DA5000746172743A2057617665666F726D2072D8
:10DA60006174696F2063616C63756C617465643A9D
:10DA700020252E36660A00006C0001086D795F745F
:10DA8000696D655F6465746563745F7374617274F6
:10DA90003A204461746120636F706965642077691E
:10DAA00074686F75742044432066696C746572698C
:10DAB0006E670A000D49012810B505D040B1BDE8D8
:10DAC00010400BA0FCF76CBF0F4808600F4802E045
:10DAD0000F4808600F4848600868002805D0F4F730
:10DAE0000DFBBDE81040F4F715BC10BDDC000024B0
:10DAF000556E737570706F72746564204444532062
:10DB000074797065210A00000FC5000813C500086C
:10DB10001DC5000821C5000830B52DED048B05009A
:10DB20000C4685B058D0002C56D095ED028A2C4971
:10DB300018EE100AD5ED018A9FED2A9A884211D974
:10DB400029A0FCF72DFF95ED000AF7EE000AB8EECC
:10DB5000400A20EE090A20EE280A80EE801A84EDA1
:10DB6000011A16E018EE100A264988420DDD26A09B
:10DB7000FCF716FF95ED000AB8EE400A20EE090A00
:10DB8000C8EE800AC4ED010A03E09FED250A84ED8A
:10DB9000010A9FED240ADFED240A28EE001A81EE27
:10DBA000200AFDF7C9F820EE280A20A084ED000A1B
:10DBB000C8EE800AC4ED020AB7EEE01A8DED021B32
:10DBC000D4ED010AB7EEE01AB7EEC00A8DED001BE6
:10DBD00053EC102BFCF7E4FE05B0BDEC048B30BD1C
:10DBE0000000AAC2DB0FC940507572652043617006
:10DBF000616369746F722044657465637465640A57
:10DC0000000000000000AA425075726520496E6451
:10DC10007563746F722044657465637465640A008B
:10DC200000000000DB0F4940000034434553523AE6
:10DC300020252E3266204F686D2C20432F4C3A2031
:10DC4000252E366620462F482C20513A20252E328C
:10DC5000660A00009FED131A90ED010AD1ED010A4A
:10DC600020EE010A80EE201A82ED011A90ED030ADF
:10DC7000D1ED030A9FED0C1A30EE600AF6EE000AB1
:10DC800030EE410A82ED020A80688968084400EE9D
:10DC9000100AB8EE400A20EE200ABCEEC00A82ED5F
:10DCA000000A704700005C4300003443184A00211A
:10DCB00038B54FF4806311605160047B41681CB13A
:10DCC000012C0ED0022C19D0846854609C4200D9DB
:10DCD00053600068526801B00E4BBDE83040FEF75B
:10DCE0006DBD846854609C4200D9536000685268DE
:10DCF00001B0084BBDE83040FEF776BD044C5360E0
:10DD0000241D009402690068024BFEF7D9FC38BD5F
:10DD1000D400002428B702240448D0E9001081422E
:10DD200001D301207047002070470000D400002478
:10DD30000A480168491C0160406881420CD20748CA
:10DD400008304068002807D0054A52F8211000EE3C
:10DD5000101AB8EE400B004770470000D4000024B2
:10DD600028B70224084800210160406800280AD032
:10DD7000054808304068002805D0044991ED000AA4
:10DD8000B8EE400B00477047D400002428B70224A7
:10DD900010B5EFF3058111B16FF0050404E04FF009
:10DDA000000408B101F00EF8204610BDEFF3058025
:10DDB00008B101F051BC01F049BC0000EFF305804F
:10DDC00010B16FF0050070470449086810B14FF0BA
:10DDD000FF30704701220A60002070477C00002459
:10DDE00010B5EFF3058010B16FF0050010BD0848C5
:10DDF0000168012902D04FF0FF3010BD054A002113
:10DE000082F8141D0221016001F044F8002010BDC9
:10DE10007C0000240BE000E02DE9FF414FEA010304
:10DE20004FF00005EFF30581039561BB58B34FF048
:10DE300080064FF018014FF000044AB3176807B18D
:10DE40003C4697691FB139467F1E382F02D2177999
:10DE5000FF0703D0002004B0BDE8F081576907B187
:10DE6000BE08D2F808C0BCF1000F0DD0D5685C2DFB
:10DE700018D312693AB137B18DE8061032462146FF
:10DE800001F0ABFB03900DE0D7685FB912694AB9A6
:10DE900003AACDE90012B2B2214601F071FB0128BC
:10DEA00000D003950398D6E72DE9F04100240746FA
:10DEB0001BA1F2F7D3FAD8B119A106460020F2F758
:10DEC000CDFAA8B116A105460020F2F7C7FA00B1B5
:10DED0000446304613A1F2F7B2FA58B112A1304607
:10DEE000F2F7ADFA90B13846BDE8F041FEF7B0BEAA
:10DEF0000EA007E02CB121462846BDE8F041FEF710
:10DF00000BBF10A0BDE8F041FCF74ABD2846FEF764
:10DF10005BFD2946BDE8F04112A0FCF741BD0000C1
:10DF20003A0000005345540047455400496E76615D
:10DF30006C696420636F6D6D616E6420666F726DD5
:10DF400061740A0053455420636F6D6D616E6420E7
:10DF5000726571756972657320612076616C756593
:10DF60000A00000047455420636F6D6D616E6420A8
:10DF700070726F6365737365643A2025730A0000DD
:10DF800070B50C001D464FF0FF312DED088B13D0FE
:10DF90004B0D9C4210D200EB84003C4E9FED3CBAEE
:10DFA00010ED010A90ED008AD0ED01AA012AB0EE31
:10DFB000009A05D0022A44D00846BDEC088B70BDFB
:10DFC000FDF798F8F3EE049A60EE298AB0EE480A5D
:10DFD000FDF790F820EE29AAB0EE6A0AFDF78AF85C
:10DFE000F0EE400A00EE104AF0EE681A96ED001AC4
:10DFF0004AEE491AB8EE402A20EEA90AB8EE411AB4
:10E0000071EE801A78EEC00A61EE891A80EEA10ADC
:10E0100072EE001A21EE811A21EE0B1A85ED001A1C
:10E02000B5EE001A60EE810A00EE80AAB2EE040A94
:10E03000CAEE290AFDF7E4F920EE080A85ED010A87
:10E0400021E03AEEC02A18EE090A00EE904A96ED59
:10E05000001AF6EE001AF8EE600AB8EE411A70EEF9
:10E060006A2A82EE220A00EE409A70EE800A60EE82
:10E07000810A29EE210A88EE001A20EE8B0A85ED2E
:10E08000000A85ED011A002097E70000C000002477
:10E09000000080392DE9F041134C0F460546E66833
:10E0A0002068001D00F058FD681C07D137B12168B9
:10E0B000BDE8F0410D48091D00F0A0BD20683544C1
:10E0C000B5424560216805D2A06B091DBDE8F0414D
:10E0D00000F07CBD606B091D00F078FDA06A8542F0
:10E0E00000D2A562BDE8F0812C0000245410002469
:10E0F0002DE9F041054600F08DFD2D4C2D4FA06817
:10E10000401CA060206810B1606930B32BE025602E
:10E11000A068012827D1002606EB860007EB8000C7
:10E1200000F046FD761C382EF6D3234800F040FD63
:10E130002148143000F03CFD1F48283000F038FD25
:10E140001D483C3000F034FD1B48503000F030FDDD
:10E15000194860631430A06305E0E86A2168C96A61
:10E16000814200D82560606A401C60626864E86A89
:10E170002169884200D9206100EB8000291D07EB4E
:10E18000800000F03BFD00F065FD606900280CD0C8
:10E190002068E96AC06A884207D208494FF0805077
:10E1A0000860BFF34F8FBFF36F8FBDE8F0810000B1
:10E1B0002C000024A40B00240410002404ED00E033
:10E1C00038B500F027FD104C2068C8B90F4800F0A2
:10E1D000EFFC0E48143000F0EBFC0C490020E1602D
:10E1E00014312161A1F582730090A1F1B4021021D4
:10E1F0000A2000F05DFF206010B105A100F0ACFD29
:10E20000BDE8384000F026BD680000245811002405
:10E21000546D72510000000030B4026C0B46002AAD
:10E220000BD0D0E902411144C160A14201D3016881
:10E23000C160184630BCF2F7DEB830BC70472DE93B
:10E24000F041856B1746026C0446002682B1C7B1C7
:10E25000E068F2F7D0F8E168206C2268091AE16002
:10E26000914202D2A168081AE060022F16D017E08E
:10E270002068A8B9A06801F05BFA06460020A060FB
:10E280000EE06068F2F7B7F8D4E90101226C10449F
:10E290006060884204D32068606001E005B16D1EB3
:10E2A0006D1CA5633046BDE8F08110B5044690F8BA
:10E2B000590058B101280CD002280FD0502080F30B
:10E2C0001188BFF34F8FBFF36F8FFEE7206B00F015
:10E2D000D5FC2046BDE8104000F0D0BC10BD0000C9
:10E2E00011484FF4705110B5420706D00E49C01DB9
:10E2F00020F00700411AC1F570510C4C0023014475
:10E300000839A4F1180221F00701C4E900030C1A2E
:10E3100011604B600B60C0E9001494604FF0004145
:10E320005460516110BD000038180024980000248A
:10E33000144E4FF08058144CDFF85090A6F29C47D2
:10E3400012E000BF00F066FCF068C568281D00F010
:10E3500003FCA068401EA0606068401E606000F082
:10E3600079FC2846FFF7A1FF60680028EAD13868E9
:10E370000128F9D9C9F80080BFF34F8FBFF36F8F21
:10E38000F2E70000401000242C00002404ED00E01F
:10E3900070B51D46049C51B1C4F80020C4E90F01BA
:10E3A0000121204600F0B8FE84F84C5070BD246076
:10E3B000F4E72DE9F05F88469A4691001546DDE9BD
:10E3C0000B940A9EA5228346206BF2F726F8206B59
:10E3D0006FF0030101EB8501084420F0070778077F
:10E3E00007D0502080F31188BFF34F8FBFF36F8F9A
:10E3F000FEE7B8F1000F4FF000050ED00020221804
:10E4000018F8001082F8341018F8001011B1401CF0
:10E410001028F4D384F8435001E084F83450382EA7
:10E4200000D33726E662201DC4E9136500F0CBFB5C
:10E4300004F1180000F0C7FB6565C6F13800A06163
:10E4400084F858505246246159463846646200F0B8
:10E450005BFAB9F1000F206001D0C9F80040BDE8B7
:10E46000F09F000030B5114900E011460A68824271
:10E47000FBD34B685C18844203D1446808462344AC
:10E480004B6043681D18954209D1084C183C24681C
:10E49000A24209D052681A4442600A6812680260B7
:10E4A000814200D0086030BD0460F9E79800002484
:10E4B00070B50D4D914241604FF00004006106D8E7
:10E4C0008169D21A8A4206D2011D286907E09A4260
:10E4D00003D2994201D3012403E0011DE86800F052
:10E4E00075FB204670BD00006800002410B504468E
:10E4F00000F090FBA06B28B15FF0000400F0AAFBD5
:10E50000204610BD0124F9E730B53C4D89B06BE0E1
:10E510000498002806DA059ADDE906019047049878
:10E52000002861DB069C606910B1201D00F014FB1F
:10E5300003A800F0D5F8024604980A2854D2DFE870
:10E5400000F00505052D304705052D3094F828000D
:10E5500040F0010084F82800A06905990B460144A9
:10E560002046FFF7A5FF50B3216A2046884794F85C
:10E570002800400738D50020009005980023A169A5
:10E5800042181946204601F0DBF9C0B9502080F34B
:10E590001188BFF34F8FBFF36F8FFEE794F8280009
:10E5A0001EE094F8280040F0010084F82800059847
:10E5B000A06128B1811813462046FFF779FF13E0C8
:10E5C000502080F31188BFF34F8FBFF36F8FFEE7AA
:10E5D00094F82800810703D4204600F04FFB03E0A5
:10E5E00020F0010084F828002868002204A900F027
:10E5F000EDFE00288CD109B030BD00006800002479
:10E600002DE9FC410F46054600F088FC01A800F00A
:10E6100067F80446019818B101F000F9BDE8FC81E3
:10E62000254EAFB130690068D0B300273068291B90
:10E630003A4600F0A5FB01F0F1F80028EED11F49A1
:10E640004FF080500860BFF34F8FBFF36F8FE5E747
:10E65000A542EBD801F0E2F8F0682746C068C4682C
:10E66000201D00F079FA94F82800410719D5A06917
:10E670002B463A4641192046FFF71AFFA8B1002061
:10E680002A46034601460090204601F059F960B938
:10E69000502080F31188BFF34F8FBFF36F8FFEE7D9
:10E6A00007E020F0010084F82800216A204688470E
:10E6B000B4E70127BAE700006800002404ED00E099
:10E6C0000648416B096829B1416BC968C968496846
:10E6D000816270474FF0FF31FAE700002C00002400
:10E6E00070B5054600F0B2FF064E0446B06884429D
:10E6F00003D200F009F8012000E000202860204645
:10E70000B46070BD68000024F8B5194D20E0C06801
:10E71000C4680668201D00F01FFA216A2046884759
:10E7200094F82800400713D5A0693044B04206D9B8
:10E730002461211D6060E86800F048FA08E00020CC
:10E740003246034601460090204601F0F9F838B100
:10E75000E86801680029DAD12969C5E90310F8BD24
:10E76000502080F31188BFF34F8FBFF36F8FFEE708
:10E770006800002408484068401C4FF0500080F3B7
:10E78000118804D0BFF34F8FBFF36F8FFEE7BFF345
:10E790004F8FBFF36F8FFEE7A0000024074CE068A7
:10E7A000016841B1C0680021D0F80000FFF728FFE0
:10E7B000FFF7AAFEF3E701210020F7E76800002435
:10E7C0002DE9F041044600F025FA94F9455004F192
:10E7D000240609E0606A48B1304600F0E7FF08B15E
:10E7E00000F01EFB6D1E6DB2002DF3DC4FF0FF3606
:10E7F00084F8456000F02EFA00F00CFA94F94450C9
:10E8000004F1100709E0206948B1384600F0CEFF56
:10E8100008B100F005FB6D1E6DB2002DF3DC84F82D
:10E820004460BDE8F04100F015BA00002DE9F04168
:10E830000027044600F072FB324E306808B9FFF73B
:10E840004FFD706904424ED1C4B3083460070ED046
:10E8500004F00700C0F108000444600707D050200E
:10E8600080F31188BFF34F8FBFF36F8FFEE72CB398
:10E870007068844237D82348183001460D6801E09B
:10E8800028460D466968A14202D229680029F7D1BD
:10E8900031688D4227D007682968016008376868A9
:10E8A000011B10290FD92819420708D0502080F3E6
:10E8B0001188BFF34F8FBFF36F8FFEE713E0416006
:10E8C0006C60FFF7CFFD69687068401A7060B268CD
:10E8D000904200D2B060002072691143C5E9000186
:10E8E000F068401CF06000F099FF780707D05020D6
:10E8F00080F31188BFF34F8FBFF36F8FFEE7384669
:10E90000BDE8F0818000002470B5041F094E231F6C
:10E910004FF0807521F0010125601C1F1960A0F1E6
:10E9200020010B1F266044380A606FF002051D604D
:10E9300070BD000075E700082DE9FE4F0E46304916
:10E940001446A8B1A6B1B1FBF6FC8B46BCF1000F92
:10E950000ED04FF000024FF0FF391346924624B11B
:10E960000A21B4FBF1F70A2F00D20A27012122E085
:10E970000120BDE8FE8F00BFBCFBF1F44FF6FE7531
:10E98000A4F10208A84512D801FB04F5641EBBFBE4
:10E99000F5F5B54201D9AD1B00E0751B4D4502D21E
:10E9A0004A1EA9462346BD4201D24FF0010A491C26
:10E9B000B1F5803F01D86145DED90568511C5C1C6A
:10E9C0004FF0010CAA62056861430E4CBAF1000FCA
:10E9D000EB62BBFBF1F10068C0F814C0216003D00A
:10E9E00009A0FBF7DDFF09E0CDF80090CDE9012398
:10E9F00013480B463A463146FBF7D2FF0020B8E7F2
:10EA000000C2EB0BC000002446696E616C6C207480
:10EA1000696D65722073616D706C652072617465DB
:10EA200020746F20256C7520487A20285053433D70
:10EA3000256C752C204152523D256C75290A000029
:10EA400088FF000801A0FBF7ABBF00004441432052
:10EA5000616D706C6974756465207570646174654E
:10EA6000207265717565737465640A0001A0FBF717
:10EA700097BF0000444143206672657175656E63FF
:10EA80007920757064617465207265717565737441
:10EA900065640A0001A0FBF783BF000044414320E6
:10EAA00077617665666F726D20757064617465203C
:10EAB0007265717565737465640A000007480849DA
:10EAC000027808483AB1012A02D0022A03D101E0B3
:10EAD000054900E005490160704700001C01002461
:10EAE0002A0100242C0700242A0300242A050024DC
:10EAF00010B5174C002201212046F6F7FCFA00223F
:10EB000020460221F6F7F7FA002220460421F6F704
:10EB1000F2FA002220460821F6F7EDFA0D480078B7
:10EB200060B101280DD002280ED003280FD1012298
:10EB300008212046BDE81040F6F7DDBA0122114653
:10EB4000F7E701220221F4E701220421F1E710BDD9
:10EB50000000025828010024D0E9013201699A60BE
:10EB6000D0E901235A604A68824201D182684A6032
:10EB7000002202610868401E0860086870470000B3
:10EB800010B5044C8023046004F15C00086013603D
:10EB900010BD00008011002410B5044C4FF48073A8
:10EBA000046004F15C000860136010BDDC130024F5
:10EBB0004FF0FF3300F108010022C0E901130260A9
:10EBC000C1600161704700210161704730B50B6879
:10EBD0005A1C02D000F1080202E0026904E0224659
:10EBE000546825689D42FAD953684B6099608A60E1
:10EBF000516008610168491C016030BD42684A608B
:10EC000093688B6093685960916008610168491C42
:10EC100001607047502080F31188BFF34F8FBFF31E
:10EC20006F8F0A494868401C486001280CD1084889
:10EC3000006810F0FF0F07D0502080F31188BFF359
:10EC40004F8FBFF36F8FFEE770470000A0000024D6
:10EC500004ED00E00849486828B1401E486001D131
:10EC600080F311887047502080F31188BFF34F8FD5
:10EC7000BFF36F8FFEE70000A000002470B50028EE
:10EC80002AD0164DA0F1080461686869014207D1D5
:10EC9000502080F31188BFF34F8FBFF36F8FFEE7D3
:10ECA00022683AB1502080F31188BFF34F8FBFF331
:10ECB0006F8FFEE78143616000F030F9606869683A
:10ECC000084468602046FFF7CDFB2869401C286196
:10ECD000BDE8704000F0A2BD70BD000080000024BF
:10ECE0004FF0E020002101614FF47A728161072327
:10ECF00003490968B1FBF2F1491E416103617047A4
:10ED00002400002410B5F1F72FFB114910280ED371
:10ED100000F1E0200A7890F8F003904207D25020EA
:10ED200080F31188BFF34F8FBFF36F8FFEE7094861
:10ED30008968006800F4E060884207D9502080F3B9
:10ED40001188BFF34F8FBFF36F8FFEE710BD000038
:10ED5000A00000240CED00E0084B5FF0000210B5AD
:10ED600053F832401CB1521C082AF9D310BD03EBF2
:10ED7000C20443F83210606010BD0000640B002430
:10ED800070B515460E460446FFF744FF94F944104B
:10ED90000020491C01D184F8440094F94510491C15
:10EDA00001D184F84500FFF755FFA06B28B904F1A5
:10EDB00024002A46314600F051F82046BDE8704054
:10EDC000FFF7FEBC020010B514D00F48006B38B13D
:10EDD000502080F31188BFF34F8FBFF36F8FFEE792
:10EDE00000F09CF800211046FFF754F900F016FDE2
:10EDF000002807D105494FF080500860BFF34F8FBE
:10EE0000BFF36F8F10BD00002C00002404ED00E064
:10EE100002490A6A0260C968416070472C000024F8
:10EE200001490120C86170472C00002410B50C4630
:10EE300050B1094909681831FFF7C8FE2046BDE8FE
:10EE400010400121FFF726B9502080F31188BFF34D
:10EE50004F8FBFF36F8FFEE72C00002470B5144670
:10EE60000D4668B10A4909681831FFF7C7FE0CB1B1
:10EE70004FF0FF3521462846BDE87040FFF70AB93C
:10EE8000502080F31188BFF34F8FBFF36F8FFEE7E1
:10EE90002C00002430B587B0002405AA04A90394EF
:10EEA00003A80494FFF76CFEDDE90301009400233E
:10EEB000CDE90110174815A1059A00F08EFB164DFB
:10EEC0000028E8621FD000F00BFD012809D0401C8B
:10EED00019D1502080F31188BFF34F8FBFF36F8F8C
:10EEE000FEE7502080F31188BFF34F8FBFF36F8F81
:10EEF00001214FF0FF30A8626961EC6007B0BDE806
:10EF0000304000F045B807B030BD000049444C45E2
:10EF10000000000031E300082C0000240248016BCF
:10EF2000491C0163704700002C000024164810B5EE
:10EF3000016B11B10121C16110BD0021C161134AF2
:10EF4000016901E0B9B1491E01EB810352F8233098
:10EF5000002BF7D001EB810302EB830202F10804DE
:10EF600053685B685360A34201D15B685360DA6801
:10EF70000260016110BD502080F31188BFF34F8FF4
:10EF8000BFF36F8FFEE700002C000024A40B0024C9
:10EF900037481CB5374902688A4207D1502080F3B0
:10EFA0001188BFF34F8FBFF36F8FFEE731490068C1
:10EFB000491E884207D1502080F31188BFF34F8F3C
:10EFC000BFF36F8FFEE72C49FF200A78019208708B
:10EFD00008788DF800009DF800209DF8000002F0F0
:10EFE000F002824207D0502080F31188BFF34F8F88
:10EFF000BFF36F8FFEE79DF8002007201F4C02F043
:10F0000050022270A06005E09DF8002052008DF8AB
:10F010000020401E9DF800201206F5D40328A060B1
:10F0200007D0502080F31188BFF34F8FBFF36F8F4D
:10F03000FEE74FF44070A060019808700C48203043
:10F04000016841F470010160016841F070410160A4
:10F05000FFF746FE00206060F1F74EF908480168AE
:10F0600041F040410160F1F733F900201CBD000080
:10F0700000ED00E071C20F4100E400E0A0000024B8
:10F0800034EF00E0502010B580F31188BFF34F8FAC
:10F09000BFF36F8F00F0E8FA18B104494FF08050C9
:10F0A0000860002080F3118810BD000004ED00E02E
:10F0B000F8B5069D18B153B1CAB181B120E0502016
:10F0C00080F31188BFF34F8FBFF36F8FFEE750209F
:10F0D00080F31188BFF34F8FBFF36F8FFEE750208F
:10F0E00080F31188BFF34F8FBFF36F8FFEE739B105
:10F0F000502080F31188BFF34F8FBFF36F8FFEE76F
:10F1000050241C46012683F8466000932B46FFF7E7
:10F110003FF92046F8BD00002DE9F04704008A467B
:10F1200029D0FFF777FD21680025D4E90F23D4F813
:10F1300040C004F1100810460E46401E4FF0FF3943
:10F1400002FB031200FB0C10BAF1000FA56366600E
:10F1500084F8449084F84590C4E9022013D04046D6
:10F16000FFF726FD04F12400FFF722FDFFF772FDF3
:10F170000120BDE8F087502080F31188BFF34F8F46
:10F18000BFF36F8FFEE720690028EFD0404600F004
:10F190000DFB0028EAD004494FF080500860BFF30F
:10F1A0004F8FBFF36F8FE1E704ED00E02DE9FF47DC
:10F1B00004001D4682B08A464FF0000803D0BAF121
:10F1C000000F08D011E0502080F31188BFF34F8F5B
:10F1D000BFF36F8FFEE7206C38B1502080F31188A9
:10F1E000BFF34F8FBFF36F8FFEE7022D0AD1E06BA5
:10F1F000012807D0502080F31188BFF34F8FBFF351
:10F200006F8FFEE700F014FA3F4F4FF080564FF03B
:10F21000000948B9049838B1502080F31188BFF331
:10F220004F8FBFF36F8FFEE7FFF7F4FCA06BE16B2E
:10F23000884207D3022D05D00498D0B1B8F1000F51
:10F240001AD01EE02A4651462046FEF7F8FF616AB2
:10F2500019B104F1240000F0A9FA20B13E60BFF317
:10F260004F8FBFF36F8FFFF7F5FC012006B0BDE8AD
:10F27000F087FFF7EFFC22E06846FFF7C9FD4FF08B
:10F280000108FFF7E7FCFFF749FEFFF7C3FC94F91D
:10F290004400401C01D184F8449094F94500401C7E
:10F2A00001D184F84590FFF7D5FC04A9684600F029
:10F2B0002BF930B12046FFF783FA00F0AFFA0020B7
:10F2C000D4E7FFF7A7FCA06BE16B884213D1FFF7EF
:10F2D000C1FC049904F11000FFF7A8FD2046FFF7D8
:10F2E0006FFA00F09BFA00289ED13E60BFF34F8F6B
:10F2F000BFF36F8F98E7FFF7ADFC2046FFF760FA8A
:10F3000000F08CFA90E7000004ED00E02DE9F047F2
:10F3100004001F469046894603D0B9F1000F08D07B
:10F3200011E0502080F31188BFF34F8FBFF36F8F30
:10F33000FEE7206C38B1502080F31188BFF34F8F67
:10F34000BFF36F8FFEE7022F0AD1E06B012807D0D1
:10F35000502080F31188BFF34F8FBFF36F8FFEE70C
:10F36000FFF7D0FC5020EFF3118680F31188BFF334
:10F370004F8FBFF36F8FA06BE16B884206D3022FD4
:10F3800004D0002086F31188BDE8F08794F9455039
:10F39000A06B3A4649462046FEF751FF681C04D050
:10F3A0006D1C84F845500120ECE7606A0028FAD013
:10F3B00004F1240000F0FAF90028F4D0B8F1000FAD
:10F3C000F1D00121C8F80010EDE700002DE9F74762
:10F3D00004008A4683B04FF0000603D0BAF1000F54
:10F3E00008D011E0502080F31188BFF34F8FBFF396
:10F3F0006F8FFEE7206C38B1502080F31188BFF387
:10F400004F8FBFF36F8FFEE700F012F9DFF8F48043
:10F410004FF080574FF0000948B9059838B1502097
:10F4200080F31188BFF34F8FBFF36F8FFEE7FFF7B5
:10F43000F1FBA56BC5B151462046FEF7EDFE6D1EF2
:10F44000A563206950B104F1100000F0AFF928B1B4
:10F45000C8F80070BFF34F8FBFF36F8FFFF7FAFB51
:10F46000012006B0BDE8F087059808B11EB106E09E
:10F47000FFF7F0FB27E06846FFF7CAFC0126FFF71D
:10F48000E9FBFFF74BFDFFF7C5FB94F94400401C77
:10F4900001D184F8449094F94500401C01D184F8CE
:10F4A0004590FFF7D7FB05A9684600F02DF8002826
:10F4B00020460AD0FFF784F900F0B0F92046FFF7A4
:10F4C00015F80028B3D00020CBE7FFF70FF890B174
:10F4D000059904F12400FFF7A9FC2046FFF770F915
:10F4E00000F09CF90028A2D1C8F80070BFF34F8F3C
:10F4F000BFF36F8F9BE72046FFF762F900F08EF9AC
:10F5000095E7000004ED00E02DE9F04105000C4610
:10F5100012D0CCB1FFF77EFB184E2068F268471C72
:10F520006B68A2EB030117D02F68366AB74215D07B
:10F53000934213D801251CE0502080F31188BFF3BB
:10F540004F8FBFF36F8FFEE7502080F31188BFF31A
:10F550004F8FBFF36F8FFEE700250AE0884205D981
:10F56000401A20602846FFF753FCF5E70020206092
:10F570000125FFF76FFB2846BDE8F0812C00002431
:10F580002DE9FF5F994616468A4683469000DDE9DD
:10F590000E87FFF74BF905001CD05C20FFF746F9FA
:10F5A000040014D00020256384F859004B46CDE9AF
:10F5B0000087CDE90240324651465846FEF7F9FE33
:10F5C0002046FEF795FD012004B0BDE8F09F2846D7
:10F5D000FFF754FB4FF0FF30F6E7F0B585B0DDE9FB
:10F5E0000B740A9DA7B1DCB15C262763022684F860
:10F5F0005960002703970DF1100C0095CDE901C467
:10F60000FEF7D7FE2046FEF773FD049805B0F0BD67
:10F61000502080F31188BFF34F8FBFF36F8FFEE749
:10F62000502080F31188BFF34F8FBFF36F8FFEE739
:10F630000548416919B1006B18B1002070470120DD
:10F6400070470220704700002C0000240148C06869
:10F65000704700002C00002410B5FFF753FB014851
:10F66000C06810BD2C0000242DE9F0412E4C206B09
:10F67000002728B1A069401CA0613846BDE8F08190
:10F68000E668761CE66013D1606B006838B15020E4
:10F6900080F31188BFF34F8FBFF36F8FFEE7606B6E
:10F6A000A16B6163A063206A401C2062FFF708F829
:10F6B000DFF87880A06A864209D3606B0068A0B149
:10F6C000606BC068C5686868864211D2A062206815
:10F6D000C06A00EB800158F82100012800D90127F9
:10F6E000E0690028C9D00127C7E74FF0FF30EDE7F8
:10F6F000281DFFF731FAA86A18B105F11800FFF7C5
:10F700002BFAE86A2169884200D9206100EB800168
:10F7100008EB8100291DFFF771FA2068E96AC06AC9
:10F720008142CAD30127C8E72C000024A40B00247F
:10F7300070B504464FF0000190B31A4D286884421A
:10F7400007D0502080F31188BFF34F8FBFF36F8F26
:10F75000FEE7206D38B1E36C401EE26A20659A42F4
:10F760001ED040B11CE0502080F31188BFF34F8FB2
:10F77000BFF36F8FFEE7201DFFF7EEF9E06CC0F1DD
:10F780003801A161E0622969884200D9286100EB53
:10F790008000054901EB8000211DFFF72FFA0121B0
:10F7A000084670BD2C000024A40B002470B5C0686E
:10F7B000C46854B104F118000646FFF7CDF9144DA2
:10F7C000286B50B11348314615E0502080F3118862
:10F7D000BFF34F8FBFF36F8FFEE7201DFFF7BCF91C
:10F7E000E06A2969884200D9286100EB80000A4953
:10F7F00001EB8000211DFFF701FAE06A2968C96A60
:10F80000884203D90121E961084670BD002070BD1E
:10F810002C0000242C100024A40B00242DE9F04718
:10F820002C4D286B0024274638B1FFF7F3F9286BDD
:10F83000401E2863286B40B147E0502080F31188B8
:10F84000BFF34F8FBFF36F8FFEE7234E0120A968F0
:10F85000D9B3A6F5916980463068E0B1F068C46814
:10F8600004F11800FFF778F9201DFFF775F9E06A39
:10F870002969884200D9286100EB800109EB8100E9
:10F88000211DFFF7BBF9E06A2968C96A8842E3D302
:10F89000C5F81C80E0E70CB1FEF712FFAC694CB173
:10F8A0004FEA0806FFF7E0FE00B1EE61641EF9D1F1
:10F8B0000020A861E86940B1084901274FF0805055
:10F8C0000860BFF34F8FBFF36F8FFFF7C3F9384660
:10F8D000BDE8F0872C0000242C10002404ED00E08B
:10F8E00010B586B0FEF76CFC114C2068B8B1002052
:10F8F000039005AA049004A903A8FFF74DF9DDE9D8
:10F900000321022000238DE807000C4809A1059A75
:10F91000FFF763FE606010B106B0012010BD5020FB
:10F9200080F31188BFF34F8FBFF36F8FFEE70000A6
:10F9300068000024546D7220537663009DE7000830
:10F940002DE9FF411E46134602004FF000000A9DBC
:10F9500016D0144C2768002F0FD006290292CDE94B
:10F96000001317DAFFF764FE02284FF000030FD0F0
:10F97000002220686946FFF719FC04B0BDE8F08159
:10F98000502080F31188BFF34F8FBFF36F8FFEE7D6
:10F990002A46EEE70023324669463846FFF7B6FCB2
:10F9A000EBE700006800002434FF000800000000BE
:10F9B0000000000000000000000000000002000045
:10F9C000180000000000000000000000F4FE000825
:10F9D0000000000000000000000000000000000027
:10F9E00000080000280000000000000000000000E7
:10F9F000E0FE000800000000000000000000000021
:10FA000000000000000400002000000000000000D2
:10FA10000000000008FF00080000000000000000D7
:10FA200000000000000000000004000018000000BA
:10FA300000000000000000001CFF000800000000A3
:10FA400000000000000000000000000000040000B2
:10FA50001800000000000000000000000006101662
:10FA600000061016010002000400060008000A004B
:10FA70000C00100020004000800000010101010383
:10FA80000701000008040204080101010000000051
:10FA900001020304010203040607080900000080B4
:10FAA0007C1503BAC3F6AA39350AB839F10123BA6D
:10FAB0000000000012A04A3AAC3C0DBA08ED1FBA93
:10FAC000B6C7923A00000080C8DDBCBA9222843AE0
:10FAD0003141953ADE0D08BB000000808E562B3B6D
:10FAE000C5B1ECBA51EA03BBEB4E6D3B00000080A0
:10FAF00019A391BB18CD463B81215B3B6814C3BB66
:10FB000000000000D338EB3B0E5E9FBB7891AEBB8C
:10FB1000039E1A3C00000080733D39BCECB9FA3BEF
:10FB2000CB61093C37E573BC0000000083A6933C21
:10FB30007CA849BC4DAF5FBCE8B9C93C000000805F
:10FB4000FBE9FFBCDAC0B43CE972D13CCA0F48BD46
:10FB5000000000006DD0983D67767DBD9BF6BEBD70
:10FB60000BEA9A3E06A8193F0BEA9A3E9BF6BEBDE9
:10FB700067767DBD6DD0983D00000000CA0F48BD7E
:10FB8000E972D13CDAC0B43CFBE9FFBC0000008064
:10FB9000E8B9C93C4DAF5FBC7CA849BC83A6933C87
:10FBA0000000000037E573BCCB61093CECB9FA3BBF
:10FBB000733D39BC00000080039E1A3C7891AEBBB7
:10FBC0000E5E9FBBD338EB3B000000006814C3BB44
:10FBD00081215B3B18CD463B19A391BB00000080FF
:10FBE000EB4E6D3B51EA03BBC5B1ECBA8E562B3BD5
:10FBF00000000080DE0D08BB3141953A9222843A24
:10FC0000C8DDBCBA00000080B6C7923A08ED1FBA42
:10FC1000AC3C0DBA12A04A3A00000000F10123BA30
:10FC2000350AB839C3F6AA397C1503BA000000803A
:10FC30000100040010000200080020000302010679
:10FC400005040908070000000000803F0030983FCD
:10FC50000000B53F0040D73F00000000320A7E3967
:10FC60007F661E395B991F390000803FF037983F4F
:10FC7000F304B53FFD44D73F000000000080513D34
:10FC80000070C63D00900D3E0050343E00E0573EEF
:10FC900000D0783E00C08B3E000000000AD6A93696
:10FCA000431C8C37658F7338832DA236121D1F3885
:10FCB000B3756F38D2535A38000000000030F13D60
:10FCC0000070643E0000A33E0090CF3E0090F83EDE
:10FCD00000400F3F00E0203F0000000015B78337D1
:10FCE000CDE37B380EE1C53860F69138AF5F0F3851
:10FCF000E1BC3E3823F4473900000000000000005A
:10FD00000000B33FB2BE7D3A00002E40DFCF513835
:10FD100000007E40BF51FABA00E0A44019DAC3BA2D
:10FD200000E0C840C2ED8AB90040EB40CD1F2CBABC
:10FD3000001006412AFFFABA00C01541DFCFD137C3
:10FD400000D024419A97703A0050334189478E364B
:10FD500000404141E75B9D3800B04E41C00A98B970
:10FD600000A05B41558F943A00306841DA92C0BAE6
:10FD70000040744162B3C63A0000803F00A0853F56
:10FD800000908B3F00C0913F0030983F00F09E3FB5
:10FD900000F0A53F0050AD3F0000B53F0000BD3F63
:10FDA0000060C53F0020CE3F0040D73F00C0E03F8D
:10FDB00000C0EA3F0020F53F000000007D36AC396E
:10FDC0007D3C3839EBDCF438320A7E39124C263966
:10FDD0009B6AED39A4EE83397F661E39F6398A397C
:10FDE0002B426539A48211395B991F39C3EECD3995
:10FDF000DDE7C637A5A22F390000803FC3AA853FA3
:10FE0000C2958B3FD3C3913FF037983F32F59E3F69
:10FE1000D7FEA53F3F58AD3FF304B53FA408BD3F13
:10FE20002A67C53F8C24CE3FFD44D73FDFCCE03F5F
:10FE3000C7C0EA3F7D25F53F000000006E83F9A2B0
:10FE40002915444ED15727FCC0DD34F5999562DB66
:10FE50004190433CAB6351FE004040404040404035
:10FE6000404041414141414040404040404040408D
:10FE70004040404040404040400502020202020231
:10FE80000202020202020202022020202020202080
:10FE90002020200202020202020290909090909094
:10FEA0001010101010101010101010101010101052
:10FEB00010101010020202020202888888888888C6
:10FEC00008080808080808080808080808080808B2
:10FED00008080808020202024000000059FE00085B
:10FEE00044414350726F63657373696E6754617305
:10FEF0006B00000041444350726F63657373696E19
:10FF0000675461736B0000005541525450726F6327
:10FF1000657373696E675461736B00004275747426
:10FF20006F6E50726F63657373696E675461736B44
:10FF30000000000064656661756C745461736B0049
:10FF40004441432077617665666F726D20757064F9
:10FF5000617465643A2057617665666F726D3D2500
:10FF6000642C204672657175656E63793D256C75EC
:10FF700020487A2C20416D706C69747564653D254C
:10FF80002E326620560A00005761726E696E673A1B
:10FF90002043616E6E6F74207365742074696D65A3
:10FFA0007220746F20646573697265642073616D7B
:10FFB000706C65207261746520256C7520487A200C
:10FFC00077697468696E207468726573686F6C64B1
:10FFD00020256C7520487A2E2053657420746F207C
:10FFE000636C6F7365737420706F737369626C6593
:10FFF0003A20256C7520487A20286D696E2065723C
:020000040801F1
:10000000726F723A20256C7520487A2C2050534329
:100010003D256C752C204152523D256C75290A00F6
:100020006D795F74696D655F6465746563745F7332
:10003000746172743A20416D706C697475646520E6
:1000400063616C63756C617465643A20252E366655
:1000500020286D61783A20252E36662C206D696E39
:100060003A20252E3666290A000000006D795F745B
:10007000696D655F6465746563745F7374617274E0
:100080003A204D656D6F72792066726565642C202B
:10009000646574656374696F6E20636F6D706C6501
:1000A000746564207375636365737366756C6C79CE
:1000B0000A0000040002000600010005000300071A
:1000C0008000800480028006800180058003800714
:1000D0004000400440024006400140054003400704
:1000E000C000C004C002C006C001C005C003C007F4
:1000F00020002004200220062001200520032007E4
:10010000A000A004A002A006A001A005A003A007D3
:1001100060006004600260066001600560036007C3
:10012000E000E004E002E006E001E005E003E007B3
:100130001000100410021006100110051003100723
:100140009000900490029006900190059003900713
:100150005000500450025006500150055003500703
:10016000D000D004D002D006D001D005D003D007F3
:1001700030003004300230063001300530033007E3
:10018000B000B004B002B006B001B005B003B007D3
:1001900070007004700270067001700570037007C3
:1001A000F000F004F002F006F001F005F003F007B3
:1001B00008000804080208060801080508030807E3
:1001C00088008804880288068801880588038807D3
:1001D00048004804480248064801480548034807C3
:1001E000C800C804C802C806C801C805C803C807B3
:1001F00028002804280228062801280528032807A3
:10020000A800A804A802A806A801A805A803A80792
:100210006800680468026806680168056803680782
:10022000E800E804E802E806E801E805E803E80772
:1002300018001804180218061801180518031807E2
:1002400098009804980298069801980598039807D2
:1002500058005804580258065801580558035807C2
:10026000D800D804D802D806D801D805D803D807B2
:1002700038003804380238063801380538033807A2
:10028000B800B804B802B806B801B805B803B80792
:100290007800780478027806780178057803780782
:1002A000F800F804F802F806F801F805F803F80772
:1002B0000400040404020406040104050403040702
:1002C00084008404840284068401840584038407F2
:1002D00044004404440244064401440544034407E2
:1002E000C400C404C402C406C401C405C403C407D2
:1002F00024002404240224062401240524032407C2
:10030000A400A404A402A406A401A405A403A407B1
:1003100064006404640264066401640564036407A1
:10032000E400E404E402E406E401E405E403E40791
:100330001400140414021406140114051403140701
:1003400094009404940294069401940594039407F1
:1003500054005404540254065401540554035407E1
:10036000D400D404D402D406D401D405D403D407D1
:1003700034003404340234063401340534033407C1
:10038000B400B404B402B406B401B405B403B407B1
:1003900074007404740274067401740574037407A1
:1003A000F400F404F402F406F401F405F403F40791
:1003B0000C000C040C020C060C010C050C030C07C1
:1003C0008C008C048C028C068C018C058C038C07B1
:1003D0004C004C044C024C064C014C054C034C07A1
:1003E000CC00CC04CC02CC06CC01CC05CC03CC0791
:1003F0002C002C042C022C062C012C052C032C0781
:10040000AC00AC04AC02AC06AC01AC05AC03AC0770
:100410006C006C046C026C066C016C056C036C0760
:10042000EC00EC04EC02EC06EC01EC05EC03EC0750
:100430001C001C041C021C061C011C051C031C07C0
:100440009C009C049C029C069C019C059C039C07B0
:100450005C005C045C025C065C015C055C035C07A0
:10046000DC00DC04DC02DC06DC01DC05DC03DC0790
:100470003C003C043C023C063C013C053C033C0780
:10048000BC00BC04BC02BC06BC01BC05BC03BC0770
:100490007C007C047C027C067C017C057C037C0760
:1004A000FC00FC04FC02FC06FC01FC05FC03FC0750
:1004B0000200020402020206020102050203020710
:1004C0008200820482028206820182058203820700
:1004D00042004204420242064201420542034207F0
:1004E000C200C204C202C206C201C205C203C207E0
:1004F00022002204220222062201220522032207D0
:10050000A200A204A202A206A201A205A203A207BF
:1005100062006204620262066201620562036207AF
:10052000E200E204E202E206E201E205E203E2079F
:10053000120012041202120612011205120312070F
:1005400092009204920292069201920592039207FF
:1005500052005204520252065201520552035207EF
:10056000D200D204D202D206D201D205D203D207DF
:1005700032003204320232063201320532033207CF
:10058000B200B204B202B206B201B205B203B207BF
:1005900072007204720272067201720572037207AF
:1005A000F200F204F202F206F201F205F203F2079F
:1005B0000A000A040A020A060A010A050A030A07CF
:1005C0008A008A048A028A068A018A058A038A07BF
:1005D0004A004A044A024A064A014A054A034A07AF
:1005E000CA00CA04CA02CA06CA01CA05CA03CA079F
:1005F0002A002A042A022A062A012A052A032A078F
:10060000AA00AA04AA02AA06AA01AA05AA03AA077E
:100610006A006A046A026A066A016A056A036A076E
:10062000EA00EA04EA02EA06EA01EA05EA03EA075E
:100630001A001A041A021A061A011A051A031A07CE
:100640009A009A049A029A069A019A059A039A07BE
:100650005A005A045A025A065A015A055A035A07AE
:10066000DA00DA04DA02DA06DA01DA05DA03DA079E
:100670003A003A043A023A063A013A053A033A078E
:10068000BA00BA04BA02BA06BA01BA05BA03BA077E
:100690007A007A047A027A067A017A057A037A076E
:1006A000FA00FA04FA02FA06FA01FA05FA03FA075E
:1006B00006000604060206060601060506030607EE
:1006C00086008604860286068601860586038607DE
:1006D00046004604460246064601460546034607CE
:1006E000C600C604C602C606C601C605C603C607BE
:1006F00026002604260226062601260526032607AE
:10070000A600A604A602A606A601A605A603A6079D
:10071000660066046602660666016605660366078D
:10072000E600E604E602E606E601E605E603E6077D
:1007300016001604160216061601160516031607ED
:1007400096009604960296069601960596039607DD
:1007500056005604560256065601560556035607CD
:10076000D600D604D602D606D601D605D603D607BD
:1007700036003604360236063601360536033607AD
:10078000B600B604B602B606B601B605B603B6079D
:10079000760076047602760676017605760376078D
:1007A000F600F604F602F606F601F605F603F6077D
:1007B0000E000E040E020E060E010E050E030E07AD
:1007C0008E008E048E028E068E018E058E038E079D
:1007D0004E004E044E024E064E014E054E034E078D
:1007E000CE00CE04CE02CE06CE01CE05CE03CE077D
:1007F0002E002E042E022E062E012E052E032E076D
:10080000AE00AE04AE02AE06AE01AE05AE03AE075C
:100810006E006E046E026E066E016E056E036E074C
:10082000EE00EE04EE02EE06EE01EE05EE03EE073C
:100830001E001E041E021E061E011E051E031E07AC
:100840009E009E049E029E069E019E059E039E079C
:100850005E005E045E025E065E015E055E035E078C
:10086000DE00DE04DE02DE06DE01DE05DE03DE077C
:100870003E003E043E023E063E013E053E033E076C
:10088000BE00BE04BE02BE06BE01BE05BE03BE075C
:100890007E007E047E027E067E017E057E037E074C
:1008A000FE00FE04FE02FE06FE01FE05FE03FE073C
:1008B0000100000000000000920E493CB10AC93C52
:1008C0002BC3163D2EFB483D752B7B3D04A9963D61
:1008D00080B6AF3D36BDC83D2FBCE13D73B2FA3D99
:1008E00087CF093E8340163EB5AB223EA2102F3E75
:1008F000CF6E3B3EC2C5473E0115543E135C603E81
:100900007F9A6C3ECCCF783EC07D823E938E883EEF
:10091000229A8E3E32A0943E86A09A3EE59AA03E50
:10092000128FA63ED47CAC3EEF63B23E2A44B83E62
:10093000491DBE3E15EFC33E53B9C93ECA7BCF3EEB
:100940004136D53E80E8DA3E4F92E03E7533E63ED2
:10095000BBCBEB3EEA5AF13ECBE0F63E275DFC3ED8
:10096000E4E7003F3D9C033F824B063F9BF5083F79
:100970006B9A0B3FDA390E3FCDD3103F2A68133FF5
:10098000D9F6153FC07F183FC6021B3FD17F1D3FE0
:10099000CBF61F3F9967223F25D2243F5636273F8B
:1009A0001594293F4AEB2B3FDE3B2E3FBB85303F62
:1009B000C9C8323FF304353F233A373F4268393FD5
:1009C0003B8F3B3FF9AE3D3F67C73F3F70D8413F4C
:1009D00001E2433F03E4453F65DE473F12D1493F13
:1009E000F8BB4B3F029F4D3F207A4F3F3D4D513F5B
:1009F0004918533F31DB543FE595563F5348583F24
:100A00006AF2593F1A945B3F532D5D3F05BE5E3F2E
:100A10002146603F97C5613F5A3C633F59AA643FF6
:100A2000880F663FD86B673F3CBF683FA7096A3FA6
:100A30000C4B6B3F5E836C3F93B26D3F9ED86E3F15
:100A400073F56F3F0809713F5213723F4714733FAC
:100A5000DD0B743F0BFA743FC6DE753F07BA763F75
:100A6000C58B773FF853783F9812793F9DC7793F00
:100A700002737A3FBE147B3FCDAC7B3F283B7C3F6B
:100A8000C9BF7C3FAC3A7D3FCCAB7D3F23137E3F5B
:100A9000B0707E3F6DC47E3F580E7F3F6D4E7F3FEE
:100AA000AB847F3F0FB17F3F97D37F3F43EC7F3FC6
:100AB00011FB7F3F0000803F11FB7F3F43EC7F3FF6
:100AC00097D37F3F0FB17F3FAB847F3F6D4E7F3F1A
:100AD000580E7F3F6DC47E3FB0707E3F23137E3F34
:100AE000CCAB7D3FAC3A7D3FC9BF7C3F283B7C3FD0
:100AF000CDAC7B3FBE147B3F02737A3F9DC7793FED
:100B00009812793FF853783FC58B773F07BA763F05
:100B1000C6DE753F0BFA743FDD0B743F4714733F1D
:100B20005213723F0809713F73F56F3F9ED86E3FB5
:100B300093B26D3F5E836C3F0C4B6B3FA7096A3FDE
:100B40003CBF683FD86B673F880F663F59AA643F38
:100B50005A3C633F97C5613F2146603F05BE5E3FFB
:100B6000532D5D3F1A945B3F6AF2593F5348583FFB
:100B7000E595563F31DB543F4918533F3D4D513FBA
:100B8000207A4F3F029F4D3FF8BB4B3F12D1493F68
:100B900065DE473F03E4453F01E2433F70D8413FF4
:100BA00067C73F3FF9AE3D3F3B8F3B3F4268393F10
:100BB000233A373FF304353FC9C8323FBB85303F46
:100BC000DE3B2E3F4AEB2B3F1594293F5636273FFD
:100BD00025D2243F9967223FCBF61F3FD17F1D3F8F
:100BE000C6021B3FC07F183FD9F6153F2A68133F46
:100BF000CDD3103FDA390E3F6B9A0B3F9BF5083F80
:100C0000824B063F3D9C033FE4E7003F275DFC3EEF
:100C1000CBE0F63EEA5AF13EBBCBEB3E7533E63E07
:100C20004F92E03E80E8DA3E4136D53ECA7BCF3E69
:100C300053B9C93E15EFC33E491DBE3E2A44B83ED6
:100C4000EF63B23ED47CAC3E128FA63EE59AA03E46
:100C500086A09A3E32A0943E229A8E3E938E883E83
:100C6000C07D823ECCCF783E7F9A6C3E135C603E66
:100C70000115543EC2C5473ECF6E3B3EA2102F3EEB
:100C8000B5AB223E8340163E87CF093E73B2FA3D94
:100C90002FBCE13D36BDC83D80B6AF3D04A9963DB1
:100CA000752B7B3D2EFB483D2BC3163DB10AC93C3D
:100CB000920E493C00000000920E49BCB10AC9BC2A
:100CC0002BC316BD2EFB48BD752B7BBD04A996BD5D
:100CD00080B6AFBD36BDC8BD2FBCE1BD73B2FABD95
:100CE00087CF09BE834016BEB5AB22BEA2102FBE71
:100CF000CF6E3BBEC2C547BE011554BE135C60BE7D
:100D00007F9A6CBECCCF78BEC07D82BE938E88BEEB
:100D1000229A8EBE32A094BE86A09ABEE59AA0BE4C
:100D2000128FA6BED47CACBEEF63B2BE2A44B8BE5E
:100D3000491DBEBE15EFC3BE53B9C9BECA7BCFBEE7
:100D40004136D5BE80E8DABE4F92E0BE7533E6BECE
:100D5000BBCBEBBEEA5AF1BECBE0F6BE275DFCBED4
:100D6000E4E700BF3D9C03BF824B06BF9BF508BF75
:100D70006B9A0BBFDA390EBFCDD310BF2A6813BFF1
:100D8000D9F615BFC07F18BFC6021BBFD17F1DBFDC
:100D9000CBF61FBF996722BF25D224BF563627BF87
:100DA000159429BF4AEB2BBFDE3B2EBFBB8530BF5E
:100DB000C9C832BFF30435BF233A37BF426839BFD1
:100DC0003B8F3BBFF9AE3DBF67C73FBF70D841BF48
:100DD00001E243BF03E445BF65DE47BF12D149BF0F
:100DE000F8BB4BBF029F4DBF207A4FBF3D4D51BF57
:100DF000491853BF31DB54BFE59556BF534858BF20
:100E00006AF259BF1A945BBF532D5DBF05BE5EBF2A
:100E1000214660BF97C561BF5A3C63BF59AA64BFF2
:100E2000880F66BFD86B67BF3CBF68BFA7096ABFA2
:100E30000C4B6BBF5E836CBF93B26DBF9ED86EBF11
:100E400073F56FBF080971BF521372BF471473BFA8
:100E5000DD0B74BF0BFA74BFC6DE75BF07BA76BF71
:100E6000C58B77BFF85378BF981279BF9DC779BFFC
:100E700002737ABFBE147BBFCDAC7BBF283B7CBF67
:100E8000C9BF7CBFAC3A7DBFCCAB7DBF23137EBF57
:100E9000B0707EBF6DC47EBF580E7FBF6D4E7FBFEA
:100EA000AB847FBF0FB17FBF97D37FBF43EC7FBFC2
:100EB00011FB7FBF000080BF11FB7FBF43EC7FBFF2
:100EC00097D37FBF0FB17FBFAB847FBF6D4E7FBF16
:100ED000580E7FBF6DC47EBFB0707EBF23137EBF30
:100EE000CCAB7DBFAC3A7DBFC9BF7CBF283B7CBFCC
:100EF000CDAC7BBFBE147BBF02737ABF9DC779BFE9
:100F0000981279BFF85378BFC58B77BF07BA76BF01
:100F1000C6DE75BF0BFA74BFDD0B74BF471473BF19
:100F2000521372BF080971BF73F56FBF9ED86EBFB1
:100F300093B26DBF5E836CBF0C4B6BBFA7096ABFDA
:100F40003CBF68BFD86B67BF880F66BF59AA64BF34
:100F50005A3C63BF97C561BF214660BF05BE5EBFF7
:100F6000532D5DBF1A945BBF6AF259BF534858BFF7
:100F7000E59556BF31DB54BF491853BF3D4D51BFB6
:100F8000207A4FBF029F4DBFF8BB4BBF12D149BF64
:100F900065DE47BF03E445BF01E243BF70D841BFF0
:100FA00067C73FBFF9AE3DBF3B8F3BBF426839BF0C
:100FB000233A37BFF30435BFC9C832BFBB8530BF42
:100FC000DE3B2EBF4AEB2BBF159429BF563627BFF9
:100FD00025D224BF996722BFCBF61FBFD17F1DBF8B
:100FE000C6021BBFC07F18BFD9F615BF2A6813BF42
:100FF000CDD310BFDA390EBF6B9A0BBF9BF508BF7C
:10100000824B06BF3D9C03BFE4E700BF275DFCBEEB
:10101000CBE0F6BEEA5AF1BEBBCBEBBE7533E6BE03
:101020004F92E0BE80E8DABE4136D5BECA7BCFBE65
:1010300053B9C9BE15EFC3BE491DBEBE2A44B8BED2
:10104000EF63B2BED47CACBE128FA6BEE59AA0BE42
:1010500086A09ABE32A094BE229A8EBE938E88BE7F
:10106000C07D82BECCCF78BE7F9A6CBE135C60BE62
:10107000011554BEC2C547BECF6E3BBEA2102FBEE7
:10108000B5AB22BE834016BE87CF09BE73B2FABD90
:101090002FBCE1BD36BDC8BD80B6AFBD04A996BDAD
:1010A000752B7BBD2EFB48BD2BC316BDB10AC9BC39
:1010B000920E49BC000000800000803F000000004C
:1010C000ECFF7F3FD40FC93AB1FF7F3FC70F493BC9
:1010D0004EFF7F3FC1CB963BC4FE7F3F890FC93B8C
:1010E00013FE7F3F3053FB3B39FD7F3F59CB163C0E
:1010F00039FC7F3F02ED2F3C11FB7F3F900E493CB6
:10110000C1F97F3F0030623C4AF87F3F4B517B3C46
:10111000ACF67F3F38398A3CE6F47F3FB6C9963C4F
:10112000F8F27F3F1C5AA33CE3F07F3F69EAAF3CF3
:10113000A7EE7F3F9B7ABC3C43EC7F3FB00AC93CA3
:10114000B8E97F3FA69AD53C05E77F3F7B2AE23C82
:101150002BE47F3F2DBAEE3C29E17F3FB949FB3CB0
:1011600000DE7F3F90EC033DAFDA7F3F2F340A3D36
:1011700037D77F3FB87B103D98D37F3F2CC3163DB8
:10118000D1CF7F3F880A1D3DE2CB7F3FCC51233D2D
:10119000CCC77F3FF698293D8FC37F3F07E02F3DA7
:1011A0002ABF7F3FFC26363D9EBA7F3FD56D3C3D32
:1011B000EAB57F3F91B4423D0FB17F3F2FFB483DE1
:1011C0000DAC7F3FAF414F3DE3A67F3F0E88553DBD
:1011D00091A17F3F4CCE5B3D189C7F3F6814623DE0
:1011E00078967F3F625A683DB1907F3F38A06E3D50
:1011F000C28A7F3FE9E5743DAB847F3F742B7B3D22
:101200006D7E7F3F6CB8803D08787F3F0ADB833D71
:101210007B717F3F94FD863DC76A7F3F0A208A3DF0
:10122000EC637F3F6A428D3DE95C7F3FB464903D53
:10123000BF557F3FE786933D6D4E7F3F05A9963DA5
:10124000F4467F3F0ACB993D543F7F3FF9EC9C3DEC
:101250008D377F3FCF0EA03D9D2F7F3F8C30A33D2C
:1012600087277F3F3052A63D491F7F3FBA73A93D74
:10127000E4167F3F2B95AC3D580E7F3F80B6AF3DC7
:10128000A4057F3FBBD7B23DC9FC7E3FDAF8B53D30
:10129000C7F37E3FDD19B93D9DEA7E3FC33ABC3DB1
:1012A0004CE17E3F8D5BBF3DD4D77E3F397CC23D54
:1012B00034CE7E3FC69CC53D6DC47E3F36BDC83D25
:1012C0007FBA7E3F86DDCB3D69B07E3FB7FDCE3D28
:1012D0002DA67E3FC81DD23DC99B7E3FB93DD53D61
:1012E0003D917E3F895DD83D8B867E3F377DDB3DDE
:1012F000B17B7E3FC49CDE3DB0707E3F2EBCE13DA5
:1013000088657E3F76DBE43D385A7E3F9AFAE73DBA
:10131000C14E7E3F9A19EB3D23437E3F7638EE3D2A
:101320005E377E3F2E57F13D722B7E3FC075F43DF8
:101330005E1F7E3F2C94F73D24137E3F73B2FA3D2F
:10134000C2067E3F92D0FD3D38FA7D3F4577003E94
:1013500088ED7D3F2E06023EB1E07D3F0295033EC3
:10136000B2D37D3FC223053E8CC67D3F6EB2063EA2
:1013700040B97D3F0541083ECCAB7D3F86CF093E5D
:10138000309E7D3FF35D0B3E6E907D3F4AEC0C3E00
:1013900085827D3F8B7A0E3E74747D3FB708103E88
:1013A0003D667D3FCC96113EDE577D3FCA24133EFD
:1013B00059497D3FB2B2143EAC3A7D3F8340163E60
:1013C000D82B7D3F3DCE173EDD1C7D3FE05B193EB7
:1013D000BC0D7D3F6BE91A3E73FE7C3FDE761C3E02
:1013E00003EF7C3F38041E3E6CDF7C3F7B911F3E49
:1013F000AECF7C3FA51E213EC9BF7C3FB6AB223E8F
:10140000BDAF7C3FAD38243E8A9F7C3F8CC5253ED6
:10141000318F7C3F5152273EB07E7C3FFCDE283E20
:10142000086E7C3F8D6B2A3E3A5D7C3F04F82B3E74
:10143000444C7C3F61842D3E283B7C3FA2102F3ED4
:10144000E5297C3FC99C303E7A187C3FD428323E47
:10145000E9067C3FC4B4333E31F57B3F9840353ECE
:1014600053E37B3F50CC363E4DD17B3FEC57383E6B
:1014700020BF7B3F6CE3393ECDAC7B3FCF6E3B3E24
:10148000539A7B3F15FA3C3EB2877B3F3E853E3EFA
:10149000EA747B3F4910403EFC617B3F379B413EF5
:1014A000E74E7B3F0726433EAB3B7B3FB9B0443E14
:1014B00048287B3F4D3B463EBE147B3FC2C5473E5E
:1014C0000E017B3F1850493E37ED7A3F4FDA4A3ED6
:1014D0003AD97A3F67644C3E16C57A3F60EE4D3E7E
:1014E000CBB07A3F38784F3E599C7A3FF101513E5C
:1014F000C1877A3F898B523E02737A3F0115543E71
:101500001C5E7A3F589E553E10497A3F8F27573EC2
:10151000DD337A3FA4B0583E841E7A3F97395A3E55
:1015200004097A3F6AC25B3E5EF3793F1A4B5D3E27
:1015300091DD793FA8D35E3E9DC7793F135C603E45
:1015400083B1793F5CE4613E439B793F836C633EAA
:10155000DC84793F86F4643E4E6E793F667C663E5D
:101560009A57793F2204683EC040793FBA8B693E62
:10157000BF29793F2F136B3E9812793F7F9A6C3EBB
:101580004AFB783FAB216E3ED6E3783FB2A86F3E70
:101590003BCC783F942F713E7BB4783F51B6723E7E
:1015A000939C783FE83C743E8684783F5AC3753EEE
:1015B000526C783FA649773EF853783FCCCF783EBF
:1015C000773B783FCB557A3ED122783FA4DB7B3EF8
:1015D000040A783F56617D3E10F1773FE1E67E3E9A
:1015E000F7D7773F2236803EB7BE773FC0F8803EC0
:1015F00051A5773F4ABB813EC58B773FC07D823E78
:101600001372773F2240833E3A58773F7002843E00
:101610003C3E773FAAC4843E1724773FCE86853E62
:10162000CC09773FDF48863E5BEF763FDA0A873E9C
:10163000C4D4763FC1CC873E07BA763F938E883EAE
:10164000249F763F5050893E1B84763FF8118A3E96
:10165000EC68763F8AD38A3E974D763F07958B3E5E
:101660001B32763F6E568C3E7A16763FC0178D3E03
:10167000B3FA753FFCD88D3EC6DE753F229A8E3E8A
:10168000B3C2753F325B8F3E7BA6753F2C1C903EEC
:101690001C8A753F10DD903E976D753FDD9D913E34
:1016A000ED50753F945E923E1D34753F351F933E5D
:1016B0002717753FBFDF933E0BFA743F31A0943E6E
:1016C000C9DC743F8D60953E62BF743FD220963E68
:1016D000D5A1743F00E1963E2284743F17A1973E46
:1016E0004966743F1661983E4B48743FFE20993E10
:1016F000272A743FCEE0993EDD0B743F86A09A3EC8
:101700006EED733F27609B3ED9CE733FAF1F9C3E6B
:101710001FB0733F20DF9C3E3F91733F789E9D3EFC
:101720003972733FB85D9E3E0E53733FDF1C9F3E80
:10173000BE33733FEEDB9F3E4714733FE59AA03EF6
:10174000ACF4723FC259A13EEBD4723F8718A23E5F
:1017500004B5723F33D7A23EF894723FC595A33EBD
:10176000C774723F3F54A43E7054723F9F12A53E0F
:10177000F433723FE5D0A53E5213723F128FA63E5E
:101780008CF2713F254DA73E9FD1713F1F0BA83EA4
:101790008EB0713FFEC8A83E578F713FC486A93EE8
:1017A000FB6D713F6F44AA3E7A4C713F0102AB3E24
:1017B000D42A713F77BFAB3E0809713FD47CAC3E61
:1017C00017E7703F153AAD3E02C5703F3CF7AD3E9E
:1017D000C6A2703F49B4AE3E6680703F3A71AF3EDC
:1017E000E15D703F102EB03E373B703FCBEAB03E1C
:1017F0006718703F6BA7B13E73F56F3FEF63B23E62
:101800005AD26F3F5820B33E1BAF6F3FA5DCB33EAB
:10181000B88B6F3FD698B43E30686F3FEC54B53EFE
:1018200083446F3FE610B63EB0206F3FC3CCB63E58
:10183000BAFC6E3F8488B73E9ED86E3F2A44B83EBD
:101840005DB46E3FB2FFB83EF88F6E3F1EBBB93E2F
:101850006D6B6E3F6E76BA3EBE466E3FA031BB3EAC
:10186000EB216E3FB6ECBB3EF2FC6D3FAFA7BC3E3A
:10187000D5D76D3F8B62BD3E93B26D3F4A1DBE3ED4
:101880002D8D6D3FEBD7BE3EA1676D3F6F92BF3E82
:10189000F2416D3FD54CC03E1D1C6D3F1E07C13E41
:1018A00024F66C3F48C1C13E07D06C3F557BC23E19
:1018B000C5A96C3F4435C33E5E836C3F15EFC33E04
:1018C000D45C6C3FC8A8C43E24366C3F5C62C53E05
:1018D000500F6C3FD21BC63E58E86B3F29D5C63E21
:1018E0003BC16B3F628EC73EFB996B3F7C47C83E56
:1018F00095726B3F7700C93E0C4B6B3F53B9C93EA5
:101900005E236B3F1072CA3E8CFB6A3FAE2ACB3E11
:1019100095D36A3F2CE3CB3E7BAB6A3F8B9BCC3E9F
:101920003C836A3FCA53CD3ED95A6A3FEA0BCE3E4A
:1019300052326A3FEAC3CE3EA7096A3FCA7BCF3E16
:10194000D7E0693F8A33D03EE4B7693F2AEBD03E07
:10195000CC8E693FAAA2D13E9165693F095AD23E19
:10196000323C693F4811D33EAE12693F67C8D33E4F
:1019700007E9683F647FD43E3CBF683F4136D53EAF
:101980004C95683FFDECD53E396B683F99A3D63E38
:101990000341683F135AD73EA816683F6B10D83EE4
:1019A0002AEC673FA3C6D83E87C1673FB97CD93EC2
:1019B000C196673FAD32DA3ED86B673F80E8DA3ECA
:1019C000CA40673F319EDB3E9915673FC153DC3EFD
:1019D00045EA663F2E09DD3ECCBE663F79BEDD3E60
:1019E0003093663FA273DE3E7167663FA928DF3EF3
:1019F0008E3B663F8DDDDF3E880F663F4F92E03EB7
:101A00005EE3653FEE46E13E10B7653F6AFBE13EAF
:101A1000A08A653FC4AFE23E0B5E653FFA63E33EDA
:101A20005431653F0E18E43E7904653FFECBE43E39
:101A30007BD7643FCB7FE53E59AA643F7533E63ED2
:101A4000147D643FFBE6E63EAC4F643F5D9AE73EA3
:101A50002122643F9C4DE83E73F4633FB700E93EAA
:101A6000A1C6633FAEB3E93EAC98633F8166EA3EF0
:101A7000956A633F3019EB3E5A3C633FBBCBEB3E6C
:101A8000FC0D633F217EEC3E7BDF623F6330ED3E29
:101A9000D7B0623F80E2ED3E1082623F7994EE3E25
:101AA0002653623F4C46EF3E1A24623FFBF7EF3E5F
:101AB000EAF4613F85A9F03E98C5613FEA5AF13EDC
:101AC0002296613F290CF23E8A66613F43BDF23E99
:101AD000D036613F386EF33EF206613F071FF43E99
:101AE000F2D6603FB1CFF43ECFA6603F3580F53EE1
:101AF0008976603F9330F63E2146603FCBE0F63E6C
:101B00009615603FDC90F73EE9E45F3FC840F83E41
:101B100019B45F3F8EF0F83E27835F3F2DA0F93E5A
:101B200012525F3FA54FFA3EDB205F3FF7FEFA3EC1
:101B300081EF5E3F22AEFB3E05BE5E3F275DFC3E71
:101B4000678C5E3F040CFD3EA65A5E3FBBBAFD3E6D
:101B5000C3285E3F4A69FE3EBEF65D3FB217FF3EB8
:101B600097C45D3FF3C5FF3E4D925D3F063A003F8F
:101B7000E15F5D3FFF90003F532D5D3FE4E7003F95
:101B8000A3FA5C3FB53E013FD1C75C3F7395013F6F
:101B9000DD945C3F1CEC013FC7615C3FB142023FFA
:101BA0008E2E5C3F3299023F34FB5B3F9FEF023F3A
:101BB000B8C75B3FF845033F1A945B3F3D9C033F2A
:101BC0005A605B3F6DF2033F792C5B3F8948043FCD
:101BD00075F85A3F919E043F50C45A3F84F4043F25
:101BE00009905A3F624A053FA05B5A3F2CA0053F2F
:101BF00016275A3FE2F5053F6AF2593F824B063FEE
:101C00009CBD593F0EA1063FAD88593F86F6063F61
:101C10009C53593FE84B073F6A1E593F36A1073F87
:101C200017E9583F6FF6073FA1B3583F924B083F63
:101C30000B7E583FA1A0083F5348583F9BF5083FF3
:101C40007912583F7F4A093F7FDC573F4E9F093F3B
:101C500063A6573F09F4093F2670573FAD480A3F36
:101C6000C739573F3D9D0A3F4803573FB7F10A3FE9
:101C7000A7CC563F1C460B3FE595563F6B9A0B3F52
:101C8000025F563FA5EE0B3FFE27563FC9420C3F71
:101C9000D9F0553FD7960C3F93B9553FD0EA0C3F4A
:101CA0002C82553FB33E0D3FA44A553F81920D3FD4
:101CB000FB12553F38E60D3F31DB543FDA390E3F1A
:101CC00047A3543F658D0E3F3B6B543FDBE00E3F17
:101CD0000F33543F3B340F3FC3FA533F84870F3FCA
:101CE00055C2533FB8DA0F3FC789533FD52D103F38
:101CF0001851533FDC80103F4918533FCDD3103F5C
:101D000059DF523FA726113F49A6523F6B79113F39
:101D1000186D523F19CC113FC633523FB01E123FCF
:101D200054FA513F3071123FC2C0513F9AC3123F23
:101D30001087513FEE15133F3D4D513F2A68133F29
:101D40004A13513F50BA133F37D9503F5F0C143FED
:101D5000039F503F585E143FAF64503F39B0143F6B
:101D60003B2A503F0402153FA8EF4F3FB753153FA2
:101D7000F4B44F3F54A5153F1F7A4F3FD9F6153F96
:101D80002B3F4F3F4748163F17044F3F9F99163F41
:101D9000E4C84E3FDFEA163F908D4E3F073C173FA9
:101DA0001C524E3F188D173F89164E3F12DE173FCB
:101DB000D5DA4D3FF52E183F029F4D3FC07F183FAB
:101DC00010634D3F73D0183FFD264D3F0F21193F43
:101DD000CBEA4C3F9471193F79AE4C3F00C2193F9A
:101DE00008724C3F55121A3F78354C3F93621A3FA8
:101DF000C7F84B3FB8B21A3FF8BB4B3FC6021B3F78
:101E0000097F4B3FBB521B3FFA414B3F99A21B3FFF
:101E1000CC044B3F5FF21B3F7FC74A3F0C421C3F45
:101E2000138A4A3FA2911C3F874C4A3F1FE11C3F47
:101E3000DC0E4A3F84301D3F12D1493FD17F1D3F08
:101E40002993493F06CF1D3F2155493F221E1E3F82
:101E5000FA16493F266D1E3FB3D8483F12BC1E3FBD
:101E60004E9A483FE50A1F3FCA5B483F9F591F3FB4
:101E7000271D483F41A81F3F65DE473FCBF61F3F68
:101E8000849F473F3B45203F8560473F9393203FDA
:101E90006721473FD2E1203F2AE2463FF92F213F09
:101EA000CEA2463F067E213F5463463FFBCB213FF7
:101EB000BB23463FD719223F03E4453F9967223FA2
:101EC0002DA4453F43B5223F3964453FD302233F0C
:101ED0002624453F4B50233FF5E3443FA99D233F34
:101EE000A5A3443FEEEA233F3763443F1A38243F1B
:101EF000AB22443F2C85243F00E2433F25D2243FC0
:101F000038A1433F041F253F5160433FCB6B253F22
:101F10004C1F433F77B8253F29DE423F0A05263F45
:101F2000E89C423F8451263F895B423FE39D263F28
:101F30000B1A423F2AEA263F70D8413F5636273FC8
:101F4000B796413F6882273FE154413F61CE273F2A
:101F5000EC12413F401A283FDAD0403F0566283F47
:101F6000A98E403FB0B1283F5C4C403F41FD283F27
:101F7000F009403FB848293F67C73F3F1594293FC4
:101F8000C0843F3F57DF293FFC413F3F802A2A3F23
:101F90001BFF3E3F8E752A3F1BBC3E3F82C02A3F3F
:101FA000FF783E3F5B0B2B3FC5353E3F1B562B3F1B
:101FB0006EF23D3FBFA02B3FF9AE3D3F4AEB2B3FBA
:101FC000676B3D3FB9352C3FB8273D3F0F802C3F15
:101FD000ECE33C3F49CA2C3F03A03C3F69142D3F32
:101FE000FC5B3C3F6F5E2D3FD9173C3F59A82D3F0E
:101FF00098D33B3F29F22D3F3B8F3B3FDE3B2E3FAB
:10200000C14A3B3F78852E3F29063B3FF7CE2E3F06
:1020100075C13A3F5B182F3FA47C3A3FA5612F3F23
:10202000B7373A3FD3AA2F3FACF2393FE6F32F3F01
:1020300085AD393FDE3C303F4268393FBB85303F9C
:10204000E122393F7CCE303F65DD383F2217313FFA
:10205000CB97383FAD5F313F1652383F1DA8313F17
:10206000430C383F71F0313F55C6373FAA38323FF5
:102070004A80373FC780323F233A373FC9C8323F93
:10208000DFF3363FAF10333F7FAD363F7A58333FF3
:102090000467363F29A0333F6C20363FBCE7333F0F
:1020A000B8D9353F342F343FE792353F8F76343FF0
:1020B000FB4B353FCFBD343FF304353FF304353F91
:1020C000CFBD343FFB4B353F8F76343FE792353FF2
:1020D000342F343FB8D9353FBCE7333F6C20363F0F
:1020E00029A0333F0467363F7A58333F7FAD363FF0
:1020F000AF10333FDFF3363FC9C8323F233A373F93
:10210000C780323F4A80373FAA38323F55C6373FF3
:1021100071F0313F430C383F1DA8313F1652383F14
:10212000AD5F313FCB97383F2217313F65DD383FF8
:102130007CCE303FE122393FBB85303F4268393F9A
:10214000DE3C303F85AD393FE6F32F3FACF2393FFF
:10215000D3AA2F3FB7373A3FA5612F3FA47C3A3F20
:102160005B182F3F75C13A3FF7CE2E3F29063B3F04
:1021700078852E3FC14A3B3FDE3B2E3F3B8F3B3FA6
:1021800029F22D3F98D33B3F59A82D3FD9173C3F0B
:102190006F5E2D3FFC5B3C3F69142D3F03A03C3F2D
:1021A00049CA2C3FECE33C3F0F802C3FB8273D3F12
:1021B000B9352C3F676B3D3F4AEB2B3FF9AE3D3FB6
:1021C000BFA02B3F6EF23D3F1B562B3FC5353E3F18
:1021D0005B0B2B3FFF783E3F82C02A3F1BBC3E3F3C
:1021E0008E752A3F1BFF3E3F802A2A3FFC413F3F1E
:1021F00057DF293FC0843F3F1594293F67C73F3FC2
:10220000B848293FF009403F41FD283F5C4C403F22
:10221000B0B1283FA98E403F0566283FDAD0403F45
:10222000401A283FEC12413F61CE273FE154413F25
:102230006882273FB796413F5636273F70D8413FC7
:102240002AEA263F0B1A423FE39D263F895B423F25
:102250008451263FE89C423F0A05263F29DE423F43
:1022600077B8253F4C1F433FCB6B253F5160433F21
:10227000041F253F38A1433F25D2243F00E2433FBE
:102280002C85243FAB22443F1A38243F3763443F18
:10229000EEEA233FA5A3443FA99D233FF5E3443F36
:1022A0004B50233F2624453FD302233F3964453F0B
:1022B00043B5223F2DA4453F9967223F03E4453FA4
:1022C000D719223FBB23463FFBCB213F5463463FF8
:1022D000067E213FCEA2463FF92F213F2AE2463F0C
:1022E000D2E1203F6721473F9393203F8560473FDE
:1022F0003B45203F849F473FCBF61F3F65DE473F6E
:1023000041A81F3F271D483F9F591F3FCA5B483FB9
:10231000E50A1F3F4E9A483F12BC1E3FB3D8483FC4
:10232000266D1E3FFA16493F221E1E3F2155493F8A
:1023300006CF1D3F2993493FD17F1D3F12D1493F11
:1023400084301D3FDC0E4A3F1FE11C3F874C4A3F53
:10235000A2911C3F138A4A3F0C421C3F7FC74A3F51
:102360005FF21B3FCC044B3F99A21B3FFA414B3F0E
:10237000BB521B3F097F4B3FC6021B3FF8BB4B3F85
:10238000B8B21A3FC7F84B3F93621A3F78354C3FBB
:1023900055121A3F08724C3F00C2193F79AE4C3FAC
:1023A0009471193FCBEA4C3F0F21193FFD264D3F59
:1023B00073D0183F10634D3FC07F183F029F4D3FC1
:1023C000F52E183FD5DA4D3F12DE173F89164E3FE6
:1023D000188D173F1C524E3F073C173F908D4E3FC4
:1023E000DFEA163FE4C84E3F9F99163F17044F3F60
:1023F0004748163F2B3F4F3FD9F6153F1F7A4F3FB7
:1024000054A5153FF4B44F3FB753153FA8EF4F3FC6
:102410000402153F3B2A503F39B0143FAF64503F90
:10242000585E143F039F503F5F0C143F37D9503F15
:1024300050BA133F4A13513F2A68133F3D4D513F55
:10244000EE15133F1087513F9AC3123FC2C0513F50
:102450003071123F54FA513FB01E123FC633523F03
:1024600019CC113F186D523F6B79113F49A6523F6D
:10247000A726113F59DF523FCDD3103F4918533F94
:10248000DC80103F1851533FD52D103FC789533F73
:10249000B8DA0F3F55C2533F84870F3FC3FA533F0B
:1024A0003B340F3F0F33543FDBE00E3F3B6B543F59
:1024B000658D0E3F47A3543FDA390E3F31DB543F61
:1024C00038E60D3FFB12553F81920D3FA44A553F20
:1024D000B33E0D3F2C82553FD0EA0C3F93B9553F98
:1024E000D7960C3FD9F0553FC9420C3FFE27563FC7
:1024F000A5EE0B3F025F563F6B9A0B3FE595563FAB
:102500001C460B3FA7CC563FB7F10A3F4803573F45
:102510003D9D0A3FC739573FAD480A3F2670573F98
:1025200009F4093F63A6573F4E9F093F7FDC573FA1
:102530007F4A093F7912583F9BF5083F5348583F5F
:10254000A1A0083F0B7E583F924B083FA1B3583FD4
:102550006FF6073F17E9583F36A1073F6A1E593FFC
:10256000E84B073F9C53593F86F6063FAD88593FDD
:102570000EA1063F9CBD593F824B063F6AF2593F70
:10258000E2F5053F16275A3F2CA0053FA05B5A3FB6
:10259000624A053F09905A3F84F4043F50C45A3FB1
:1025A000919E043F75F85A3F8948043F792C5B3F60
:1025B0006DF2033F5A605B3F3D9C033F1A945B3FC3
:1025C000F845033FB8C75B3F9FEF023F34FB5B3FDB
:1025D0003299023F8E2E5C3FB142023FC7615C3FA1
:1025E0001CEC013FDD945C3F7395013FD1C75C3F1C
:1025F000B53E013FA3FA5C3FE4E7003F532D5D3F4A
:10260000FF90003FE15F5D3F063A003F4D925D3F26
:10261000F3C5FF3E97C45D3FB217FF3EBEF65D3F78
:102620004A69FE3EC3285E3FBBBAFD3EA65A5E3FE6
:10263000040CFD3E678C5E3F275DFC3E05BE5E3FA1
:1026400022AEFB3E81EF5E3FF7FEFA3EDB205F3FAE
:10265000A54FFA3E12525F3F2DA0F93E27835F3F00
:102660008EF0F83E19B45F3FC840F83EE9E45F3FA2
:10267000DC90F73E9615603FCBE0F63E2146603F8A
:102680009330F63E8976603F3580F53ECFA6603FB9
:10269000B1CFF43EF2D6603F071FF43EF206613F31
:1026A000386EF33ED036613F43BDF23E8A66613FED
:1026B000290CF23E2296613FEA5AF13E98C5613FED
:1026C00085A9F03EEAF4613FFBF7EF3E1A24623F32
:1026D0004C46EF3E2653623F7994EE3E1082623FB5
:1026E00080E2ED3ED7B0623F6330ED3E7BDF623F7C
:1026F000217EEC3EFC0D633FBBCBEB3E5A3C633F7F
:102700003019EB3E956A633F8166EA3EAC98633FC1
:10271000AEB3E93EA1C6633FB700E93E73F4633F41
:102720009C4DE83E2122643F5D9AE73EAC4F643FFA
:10273000FBE6E63E147D643F7533E63E59AA643FEE
:10274000CB7FE53E7BD7643FFECBE43E7904653F1B
:102750000E18E43E5431653FFA63E33E0B5E653F7D
:10276000C4AFE23EA08A653F6AFBE13E10B7653F19
:10277000EE46E13E5EE3653F4F92E03E880F663FE6
:102780008DDDDF3E8E3B663FA928DF3E7167663FE9
:10279000A273DE3E3093663F79BEDD3ECCBE663F1F
:1027A0002E09DD3E45EA663FC153DC3E9915673F81
:1027B000319EDB3ECA40673F80E8DA3ED86B673F18
:1027C000AD32DA3EC196673FB97CD93E87C1673FDB
:1027D000A3C6D83E2AEC673F6B10D83EA816683FC8
:1027E000135AD73E0341683F99A3D63E396B683FE1
:1027F000FDECD53E4C95683F4136D53E3CBF683F29
:10280000647FD43E07E9683F67C8D33EAE12693F94
:102810004811D33E323C693F095AD23E9165693F27
:10282000AAA2D13ECC8E693F2AEBD03EE4B7693FE5
:102830008A33D03ED7E0693FCA7BCF3EA7096A3FC3
:10284000EAC3CE3E52326A3FEA0BCE3ED95A6A3FC5
:10285000CA53CD3E3C836A3F8B9BCC3E7BAB6A3FE9
:102860002CE3CB3E95D36A3FAE2ACB3E8CFB6A3F2E
:102870001072CA3E5E236B3F53B9C93E0C4B6B3F8F
:102880007700C93E95726B3F7C47C83EFB996B3F12
:10289000628EC73E3BC16B3F29D5C63E58E86B3FB1
:1028A000D21BC63E500F6C3F5C62C53E24366C3F67
:1028B000C8A8C43ED45C6C3F15EFC33E5E836C3F3A
:1028C0004435C33EC5A96C3F557BC23E07D06C3F23
:1028D00048C1C13E24F66C3F1E07C13E1D1C6D3F22
:1028E000D54CC03EF2416D3F6F92BF3EA1676D3F38
:1028F000EBD7BE3E2D8D6D3F4A1DBE3E93B26D3F60
:102900008B62BD3ED5D76D3FAFA7BC3EF2FC6D3F9D
:10291000B6ECBB3EEB216E3FA031BB3EBE466E3FE8
:102920006E76BA3E6D6B6E3F1EBBB93EF88F6E3F42
:10293000B2FFB83E5DB46E3F2A44B83E9ED86E3FAB
:102940008488B73EBAFC6E3FC3CCB63EB0206F3F22
:10295000E610B63E83446F3FEC54B53E30686F3F9F
:10296000D698B43EB88B6F3FA5DCB33E1BAF6F3F2C
:102970005820B33E5AD26F3FEF63B23E73F56F3FBC
:102980006BA7B13E6718703FCBEAB03E373B703F54
:10299000102EB03EE15D703F3A71AF3E6680703FF1
:1029A00049B4AE3EC6A2703F3CF7AD3E02C5703F93
:1029B000153AAD3E17E7703FD47CAC3E0809713F35
:1029C00077BFAB3ED42A713F0102AB3E7A4C713FD8
:1029D0006F44AA3EFB6D713FC486A93E578F713F7D
:1029E000FEC8A83E8EB0713F1F0BA83E9FD1713F1D
:1029F000254DA73E8CF2713F128FA63E5213723FB7
:102A0000E5D0A53EF433723F9F12A53E7054723F4D
:102A10003F54A43EC774723FC595A33EF894723FDD
:102A200033D7A23E04B5723F8718A23EEBD4723F63
:102A3000C259A13EACF4723FE59AA03E4714733FE1
:102A4000EEDB9F3EBE33733FDF1C9F3E0E53733F52
:102A5000B85D9E3E3972733F789E9D3E3F91733FB5
:102A600020DF9C3E1FB0733FAF1F9C3ED9CE733F0B
:102A700027609B3E6EED733F86A09A3EDD0B743F50
:102A8000CEE0993E272A743FFE20993E4B48743F82
:102A90001661983E4966743F17A1973E2284743FA1
:102AA00000E1963ED5A1743FD220963E62BF743FAE
:102AB0008D60953EC9DC743F31A0943E0BFA743FA3
:102AC000BFDF933E2717753F351F933E1D34753F7B
:102AD000945E923EED50753FDD9D913E976D753F42
:102AE00010DD903E1C8A753F2C1C903E7BA6753FE6
:102AF000325B8F3EB3C2753F229A8E3EC6DE753F73
:102B0000FCD88D3EB3FA753FC0178D3E7A16763FDE
:102B10006E568C3E1B32763F07958B3E974D763F27
:102B20008AD38A3EEC68763FF8118A3E1B84763F52
:102B30005050893E249F763F938E883E07BA763F59
:102B4000C1CC873EC4D4763FDA0A873E5BEF763F3E
:102B5000DF48863ECC09773FCE86853E1724773FF7
:102B6000AAC4843E3C3E773F7002843E3A58773F89
:102B70002240833E1372773FC07D823EC58B773FF4
:102B80004ABB813E51A5773FC0F8803EB7BE773F34
:102B90002236803EF7D7773FE1E67E3E10F1773F61
:102BA00056617D3E040A783FA4DB7B3ED122783F0C
:102BB000CB557A3E773B783FCCCF783EF853783F81
:102BC000A649773E526C783F5AC3753E8684783F5B
:102BD000E83C743E939C783F51B6723E7BB4783F9C
:102BE000942F713E3BCC783FB2A86F3ED6E3783F3E
:102BF000AB216E3E4AFB783F7F9A6C3E9812793F3C
:102C00002F136B3EBF29793FBA8B693EC040793F95
:102C10002204683E9A57793F667C663E4E6E793F45
:102C200086F4643EDC84793F836C633E439B793F4A
:102C30005CE4613E83B1793F135C603E9DC7793FA0
:102C4000A8D35E3E91DD793F1A4B5D3E5EF3793F3E
:102C50006AC25B3E04097A3F97395A3E841E7A3F26
:102C6000A4B0583EDD337A3F8F27573E10497A3F54
:102C7000589E553E1C5E7A3F0115543E02737A3FC2
:102C8000898B523EC1877A3FF101513E599C7A3F70
:102C900038784F3ECBB07A3F60EE4D3E16C57A3F56
:102CA00067644C3E3AD97A3F4FDA4A3E37ED7A3F75
:102CB0001850493E0E017B3FC2C5473EBE147B3FC4
:102CC0004D3B463E48287B3FB9B0443EAB3B7B3F43
:102CD0000726433EE74E7B3F379B413EFC617B3FEF
:102CE0004910403EEA747B3F3E853E3EB2877B3FC3
:102CF00015FA3C3E539A7B3FCF6E3B3ECDAC7B3FBB
:102D00006CE3393E20BF7B3FEC57383E4DD17B3FD3
:102D100050CC363E53E37B3F9840353E31F57B3F08
:102D2000C4B4333EE9067C3FD428323E7A187C3F57
:102D3000C99C303EE5297C3FA2102F3E283B7C3FBA
:102D400061842D3E444C7C3F04F82B3E3A5D7C3F31
:102D50008D6B2A3E086E7C3FFCDE283EB07E7C3FB9
:102D60005152273E318F7C3F8CC5253E8A9F7C3F48
:102D7000AD38243EBDAF7C3FB6AB223EC9BF7C3FE1
:102D8000A51E213EAECF7C3F7B911F3E6CDF7C3F7A
:102D900038041E3E03EF7C3FDE761C3E73FE7C3F14
:102DA0006BE91A3EBC0D7D3FE05B193EDD1C7D3FAB
:102DB0003DCE173ED82B7D3F8340163EAC3A7D3F3B
:102DC000B2B2143E59497D3FCA24133EDE577D3FBF
:102DD000CC96113E3D667D3FB708103E74747D3F32
:102DE0008B7A0E3E85827D3F4AEC0C3E6E907D3F95
:102DF000F35D0B3E309E7D3F86CF093ECCAB7D3FE1
:102E00000541083E40B97D3F6EB2063E8CC67D3F0F
:102E1000C223053EB2D37D3F0295033EB1E07D3F24
:102E20002E06023E88ED7D3F4577003E38FA7D3F15
:102E300092D0FD3DC2067E3F73B2FA3D24137E3F21
:102E40002C94F73D5E1F7E3FC075F43D722B7E3F94
:102E50002E57F13D5E377E3F7638EE3D23437E3F71
:102E60009A19EB3DC14E7E3F9AFAE73D385A7E3FB4
:102E700076DBE43D88657E3F2EBCE13DB0707E3F51
:102E8000C49CDE3DB17B7E3F377DDB3D8B867E3F44
:102E9000895DD83D3D917E3FB93DD53DC99B7E3F83
:102EA000C81DD23D2DA67E3FB7FDCE3D69B07E3F09
:102EB00086DDCB3D7FBA7E3F36BDC83D6DC47E3FCB
:102EC000C69CC53D34CE7E3F397CC23DD4D77E3FC3
:102ED0008D5BBF3D4CE17E3FC33ABC3D9DEA7E3FEA
:102EE000DD19B93DC7F37E3FDAF8B53DC9FC7E3F39
:102EF000BBD7B23DA4057F3F80B6AF3D580E7F3FA4
:102F00002B95AC3DE4167F3FBA73A93D491F7F3F27
:102F10003052A63D87277F3F8C30A33D9D2F7F3FBA
:102F2000CF0EA03D8D377F3FF9EC9C3D543F7F3F56
:102F30000ACB993DF4467F3F05A9963D6D4E7F3FF4
:102F4000E786933DBF557F3FB464903DE95C7F3F8A
:102F50006A428D3DEC637F3F0A208A3DC76A7F3F0E
:102F600094FD863D7B717F3F0ADB833D08787F3F80
:102F70006CB8803D6D7E7F3F742B7B3DAB847F3F83
:102F8000E9E5743DC28A7F3F38A06E3DB1907F3F36
:102F9000625A683D78967F3F6814623D189C7F3F77
:102FA0004CCE5B3D91A17F3F0E88553DE3A67F3F10
:102FB000AF414F3D0DAC7F3F2FFB483D0FB17F3FF1
:102FC00091B4423DEAB57F3FD56D3C3D9EBA7F3F0F
:102FD000FC26363D2ABF7F3F07E02F3D8FC37F3F52
:102FE000F698293DCCC77F3FCC51233DE2CB7F3FB4
:102FF000880A1D3DD1CF7F3F2CC3163D98D37F3F1C
:10300000B87B103D37D77F3F2F340A3DAFDA7F3F83
:1030100090EC033D00DE7F3FB949FB3C29E17F3F57
:103020002DBAEE3C2BE47F3F7B2AE23C05E77F3F55
:10303000A69AD53CB8E97F3FB00AC93C43EC7F3F34
:103040009B7ABC3CA7EE7F3F69EAAF3CE3F07F3F51
:103050001C5AA33CF8F27F3FB6C9963CE6F47F3F8A
:1030600038398A3CACF67F3F4B517B3C4AF87F3F76
:103070000030623CC1F97F3F900E493C11FB7F3F1D
:1030800002ED2F3C39FC7F3F59CB163C39FD7F3F89
:103090003053FB3B13FE7F3F890FC93BC4FE7F3F8C
:1030A000C1CB963B4EFF7F3FC70F493BB1FF7F3FF0
:1030B000D40FC93AECFF7F3F000000000000803FC2
:1030C000D40FC9BAECFF7F3FC70F49BBB1FF7F3FA9
:1030D000C1CB96BB4EFF7F3F890FC9BBC4FE7F3F6C
:1030E0003053FBBB13FE7F3F59CB16BC39FD7F3FEE
:1030F00002ED2FBC39FC7F3F900E49BC11FB7F3F96
:10310000003062BCC1F97F3F4B517BBC4AF87F3F26
:1031100038398ABCACF67F3FB6C996BCE6F47F3F2F
:103120001C5AA3BCF8F27F3F69EAAFBCE3F07F3FD3
:103130009B7ABCBCA7EE7F3FB00AC9BC43EC7F3F83
:10314000A69AD5BCB8E97F3F7B2AE2BC05E77F3F62
:103150002DBAEEBC2BE47F3FB949FBBC29E17F3F90
:1031600090EC03BD00DE7F3F2F340ABDAFDA7F3F16
:10317000B87B10BD37D77F3F2CC316BD98D37F3F98
:10318000880A1DBDD1CF7F3FCC5123BDE2CB7F3F0D
:10319000F69829BDCCC77F3F07E02FBD8FC37F3F87
:1031A000FC2636BD2ABF7F3FD56D3CBD9EBA7F3F12
:1031B00091B442BDEAB57F3F2FFB48BD0FB17F3FC1
:1031C000AF414FBD0DAC7F3F0E8855BDE3A67F3F9D
:1031D0004CCE5BBD91A17F3F681462BD189C7F3FC0
:1031E000625A68BD78967F3F38A06EBDB1907F3F30
:1031F000E9E574BDC28A7F3F742B7BBDAB847F3F02
:103200006CB880BD6D7E7F3F0ADB83BD08787F3F51
:1032100094FD86BD7B717F3F0A208ABDC76A7F3FD0
:103220006A428DBDEC637F3FB46490BDE95C7F3F33
:10323000E78693BDBF557F3F05A996BD6D4E7F3F85
:103240000ACB99BDF4467F3FF9EC9CBD543F7F3FCC
:10325000CF0EA0BD8D377F3F8C30A3BD9D2F7F3F0C
:103260003052A6BD87277F3FBA73A9BD491F7F3F54
:103270002B95ACBDE4167F3F80B6AFBD580E7F3FA7
:10328000BBD7B2BDA4057F3FDAF8B5BDC9FC7E3F10
:10329000DD19B9BDC7F37E3FC33ABCBD9DEA7E3F91
:1032A0008D5BBFBD4CE17E3F397CC2BDD4D77E3F34
:1032B000C69CC5BD34CE7E3F36BDC8BD6DC47E3F05
:1032C00086DDCBBD7FBA7E3FB7FDCEBD69B07E3F08
:1032D000C81DD2BD2DA67E3FB93DD5BDC99B7E3F41
:1032E000895DD8BD3D917E3F377DDBBD8B867E3FBE
:1032F000C49CDEBDB17B7E3F2EBCE1BDB0707E3F85
:1033000076DBE4BD88657E3F9AFAE7BD385A7E3F9A
:103310009A19EBBDC14E7E3F7638EEBD23437E3F0A
:103320002E57F1BD5E377E3FC075F4BD722B7E3FD8
:103330002C94F7BD5E1F7E3F73B2FABD24137E3F0F
:1033400092D0FDBDC2067E3F457700BE38FA7D3F74
:103350002E0602BE88ED7D3F029503BEB1E07D3FA3
:10336000C22305BEB2D37D3F6EB206BE8CC67D3F82
:10337000054108BE40B97D3F86CF09BECCAB7D3F3D
:10338000F35D0BBE309E7D3F4AEC0CBE6E907D3FE0
:103390008B7A0EBE85827D3FB70810BE74747D3F68
:1033A000CC9611BE3D667D3FCA2413BEDE577D3FDD
:1033B000B2B214BE59497D3F834016BEAC3A7D3F40
:1033C0003DCE17BED82B7D3FE05B19BEDD1C7D3F97
:1033D0006BE91ABEBC0D7D3FDE761CBE73FE7C3FE2
:1033E00038041EBE03EF7C3F7B911FBE6CDF7C3F29
:1033F000A51E21BEAECF7C3FB6AB22BEC9BF7C3F6F
:10340000AD3824BEBDAF7C3F8CC525BE8A9F7C3FB6
:10341000515227BE318F7C3FFCDE28BEB07E7C3F00
:103420008D6B2ABE086E7C3F04F82BBE3A5D7C3F54
:1034300061842DBE444C7C3FA2102FBE283B7C3FB4
:10344000C99C30BEE5297C3FD42832BE7A187C3F27
:10345000C4B433BEE9067C3F984035BE31F57B3FAE
:1034600050CC36BE53E37B3FEC5738BE4DD17B3F4B
:103470006CE339BE20BF7B3FCF6E3BBECDAC7B3F04
:1034800015FA3CBE539A7B3F3E853EBEB2877B3FDA
:10349000491040BEEA747B3F379B41BEFC617B3FD5
:1034A000072643BEE74E7B3FB9B044BEAB3B7B3FF4
:1034B0004D3B46BE48287B3FC2C547BEBE147B3F3E
:1034C000185049BE0E017B3F4FDA4ABE37ED7A3FB6
:1034D00067644CBE3AD97A3F60EE4DBE16C57A3F5E
:1034E00038784FBECBB07A3FF10151BE599C7A3F3C
:1034F000898B52BEC1877A3F011554BE02737A3F51
:10350000589E55BE1C5E7A3F8F2757BE10497A3FA2
:10351000A4B058BEDD337A3F97395ABE841E7A3F35
:103520006AC25BBE04097A3F1A4B5DBE5EF3793F07
:10353000A8D35EBE91DD793F135C60BE9DC7793F25
:103540005CE461BE83B1793F836C63BE439B793F8A
:1035500086F464BEDC84793F667C66BE4E6E793F3D
:10356000220468BE9A57793FBA8B69BEC040793F42
:103570002F136BBEBF29793F7F9A6CBE9812793F9B
:10358000AB216EBE4AFB783FB2A86FBED6E3783F50
:10359000942F71BE3BCC783F51B672BE7BB4783F5E
:1035A000E83C74BE939C783F5AC375BE8684783FCE
:1035B000A64977BE526C783FCCCF78BEF853783F9F
:1035C000CB557ABE773B783FA4DB7BBED122783FD8
:1035D00056617DBE040A783FE1E67EBE10F1773F7A
:1035E000223680BEF7D7773FC0F880BEB7BE773FA0
:1035F0004ABB81BE51A5773FC07D82BEC58B773F58
:10360000224083BE1372773F700284BE3A58773FE0
:10361000AAC484BE3C3E773FCE8685BE1724773F42
:10362000DF4886BECC09773FDA0A87BE5BEF763F7C
:10363000C1CC87BEC4D4763F938E88BE07BA763F8E
:10364000505089BE249F763FF8118ABE1B84763F76
:103650008AD38ABEEC68763F07958BBE974D763F3E
:103660006E568CBE1B32763FC0178DBE7A16763FE3
:10367000FCD88DBEB3FA753F229A8EBEC6DE753F6A
:10368000325B8FBEB3C2753F2C1C90BE7BA6753FCC
:1036900010DD90BE1C8A753FDD9D91BE976D753F14
:1036A000945E92BEED50753F351F93BE1D34753F3D
:1036B000BFDF93BE2717753F31A094BE0BFA743F4E
:1036C0008D6095BEC9DC743FD22096BE62BF743F48
:1036D00000E196BED5A1743F17A197BE2284743F26
:1036E000166198BE4966743FFE2099BE4B48743FF0
:1036F000CEE099BE272A743F86A09ABEDD0B743FA8
:1037000027609BBE6EED733FAF1F9CBED9CE733F4B
:1037100020DF9CBE1FB0733F789E9DBE3F91733FDC
:10372000B85D9EBE3972733FDF1C9FBE0E53733F60
:10373000EEDB9FBEBE33733FE59AA0BE4714733FD6
:10374000C259A1BEACF4723F8718A2BEEBD4723F3F
:1037500033D7A2BE04B5723FC595A3BEF894723F9D
:103760003F54A4BEC774723F9F12A5BE7054723FEF
:10377000E5D0A5BEF433723F128FA6BE5213723F3E
:10378000254DA7BE8CF2713F1F0BA8BE9FD1713F84
:10379000FEC8A8BE8EB0713FC486A9BE578F713FC8
:1037A0006F44AABEFB6D713F0102ABBE7A4C713F04
:1037B00077BFABBED42A713FD47CACBE0809713F41
:1037C000153AADBE17E7703F3CF7ADBE02C5703F7E
:1037D00049B4AEBEC6A2703F3A71AFBE6680703FBC
:1037E000102EB0BEE15D703FCBEAB0BE373B703FFC
:1037F0006BA7B1BE6718703FEF63B2BE73F56F3F42
:103800005820B3BE5AD26F3FA5DCB3BE1BAF6F3F8B
:10381000D698B4BEB88B6F3FEC54B5BE30686F3FDE
:10382000E610B6BE83446F3FC3CCB6BEB0206F3F38
:103830008488B7BEBAFC6E3F2A44B8BE9ED86E3F9D
:10384000B2FFB8BE5DB46E3F1EBBB9BEF88F6E3F0F
:103850006E76BABE6D6B6E3FA031BBBEBE466E3F8C
:10386000B6ECBBBEEB216E3FAFA7BCBEF2FC6D3F1A
:103870008B62BDBED5D76D3F4A1DBEBE93B26D3FB4
:10388000EBD7BEBE2D8D6D3F6F92BFBEA1676D3F62
:10389000D54CC0BEF2416D3F1E07C1BE1D1C6D3F21
:1038A00048C1C1BE24F66C3F557BC2BE07D06C3FF9
:1038B0004435C3BEC5A96C3F15EFC3BE5E836C3FE4
:1038C000C8A8C4BED45C6C3F5C62C5BE24366C3FE5
:1038D000D21BC6BE500F6C3F29D5C6BE58E86B3F01
:1038E000628EC7BE3BC16B3F7C47C8BEFB996B3F36
:1038F0007700C9BE95726B3F53B9C9BE0C4B6B3F85
:103900001072CABE5E236B3FAE2ACBBE8CFB6A3FF1
:103910002CE3CBBE95D36A3F8B9BCCBE7BAB6A3F7F
:10392000CA53CDBE3C836A3FEA0BCEBED95A6A3F2A
:10393000EAC3CEBE52326A3FCA7BCFBEA7096A3FF6
:103940008A33D0BED7E0693F2AEBD0BEE4B7693FE7
:10395000AAA2D1BECC8E693F095AD2BE9165693FF9
:103960004811D3BE323C693F67C8D3BEAE12693F2F
:10397000647FD4BE07E9683F4136D5BE3CBF683F8F
:10398000FDECD5BE4C95683F99A3D6BE396B683F18
:10399000135AD7BE0341683F6B10D8BEA816683FC4
:1039A000A3C6D8BE2AEC673FB97CD9BE87C1673FA2
:1039B000AD32DABEC196673F80E8DABED86B673FAA
:1039C000319EDBBECA40673FC153DCBE9915673FDD
:1039D0002E09DDBE45EA663F79BEDDBECCBE663F40
:1039E000A273DEBE3093663FA928DFBE7167663FD3
:1039F0008DDDDFBE8E3B663F4F92E0BE880F663F97
:103A0000EE46E1BE5EE3653F6AFBE1BE10B7653F8F
:103A1000C4AFE2BEA08A653FFA63E3BE0B5E653FBA
:103A20000E18E4BE5431653FFECBE4BE7904653F19
:103A3000CB7FE5BE7BD7643F7533E6BE59AA643FB2
:103A4000FBE6E6BE147D643F5D9AE7BEAC4F643F83
:103A50009C4DE8BE2122643FB700E9BE73F4633F8A
:103A6000AEB3E9BEA1C6633F8166EABEAC98633FD0
:103A70003019EBBE956A633FBBCBEBBE5A3C633F4C
:103A8000217EECBEFC0D633F6330EDBE7BDF623F09
:103A900080E2EDBED7B0623F7994EEBE1082623F05
:103AA0004C46EFBE2653623FFBF7EFBE1A24623F3F
:103AB00085A9F0BEEAF4613FEA5AF1BE98C5613FBC
:103AC000290CF2BE2296613F43BDF2BE8A66613F79
:103AD000386EF3BED036613F071FF4BEF206613F79
:103AE000B1CFF4BEF2D6603F3580F5BECFA6603FC1
:103AF0009330F6BE8976603FCBE0F6BE2146603F4C
:103B0000DC90F7BE9615603FC840F8BEE9E45F3F21
:103B10008EF0F8BE19B45F3F2DA0F9BE27835F3F3A
:103B2000A54FFABE12525F3FF7FEFABEDB205F3FA1
:103B300022AEFBBE81EF5E3F275DFCBE05BE5E3F51
:103B4000040CFDBE678C5E3FBBBAFDBEA65A5E3F4D
:103B50004A69FEBEC3285E3FB217FFBEBEF65D3F98
:103B6000F3C5FFBE97C45D3F063A00BF4D925D3F6F
:103B7000FF9000BFE15F5D3FE4E700BF532D5D3F75
:103B8000B53E01BFA3FA5C3F739501BFD1C75C3F4F
:103B90001CEC01BFDD945C3FB14202BFC7615C3FDA
:103BA000329902BF8E2E5C3F9FEF02BF34FB5B3F1A
:103BB000F84503BFB8C75B3F3D9C03BF1A945B3F0A
:103BC0006DF203BF5A605B3F894804BF792C5B3FAD
:103BD000919E04BF75F85A3F84F404BF50C45A3F05
:103BE000624A05BF09905A3F2CA005BFA05B5A3F0F
:103BF000E2F505BF16275A3F824B06BF6AF2593FCE
:103C00000EA106BF9CBD593F86F606BFAD88593F41
:103C1000E84B07BF9C53593F36A107BF6A1E593F67
:103C20006FF607BF17E9583F924B08BFA1B3583F43
:103C3000A1A008BF0B7E583F9BF508BF5348583FD3
:103C40007F4A09BF7912583F4E9F09BF7FDC573F1B
:103C500009F409BF63A6573FAD480ABF2670573F16
:103C60003D9D0ABFC739573FB7F10ABF4803573FC9
:103C70001C460BBFA7CC563F6B9A0BBFE595563F32
:103C8000A5EE0BBF025F563FC9420CBFFE27563F51
:103C9000D7960CBFD9F0553FD0EA0CBF93B9553F2A
:103CA000B33E0DBF2C82553F81920DBFA44A553FB4
:103CB00038E60DBFFB12553FDA390EBF31DB543FFA
:103CC000658D0EBF47A3543FDBE00EBF3B6B543FF7
:103CD0003B340FBF0F33543F84870FBFC3FA533FAA
:103CE000B8DA0FBF55C2533FD52D10BFC789533F18
:103CF000DC8010BF1851533FCDD310BF4918533F3C
:103D0000A72611BF59DF523F6B7911BF49A6523F19
:103D100019CC11BF186D523FB01E12BFC633523FAF
:103D2000307112BF54FA513F9AC312BFC2C0513F03
:103D3000EE1513BF1087513F2A6813BF3D4D513F09
:103D400050BA13BF4A13513F5F0C14BF37D9503FCD
:103D5000585E14BF039F503F39B014BFAF64503F4B
:103D6000040215BF3B2A503FB75315BFA8EF4F3F82
:103D700054A515BFF4B44F3FD9F615BF1F7A4F3F76
:103D8000474816BF2B3F4F3F9F9916BF17044F3F21
:103D9000DFEA16BFE4C84E3F073C17BF908D4E3F89
:103DA000188D17BF1C524E3F12DE17BF89164E3FAB
:103DB000F52E18BFD5DA4D3FC07F18BF029F4D3F8B
:103DC00073D018BF10634D3F0F2119BFFD264D3F23
:103DD000947119BFCBEA4C3F00C219BF79AE4C3F7A
:103DE00055121ABF08724C3F93621ABF78354C3F88
:103DF000B8B21ABFC7F84B3FC6021BBFF8BB4B3F58
:103E0000BB521BBF097F4B3F99A21BBFFA414B3FDF
:103E10005FF21BBFCC044B3F0C421CBF7FC74A3F25
:103E2000A2911CBF138A4A3F1FE11CBF874C4A3F27
:103E300084301DBFDC0E4A3FD17F1DBF12D1493FE8
:103E400006CF1DBF2993493F221E1EBF2155493F62
:103E5000266D1EBFFA16493F12BC1EBFB3D8483F9D
:103E6000E50A1FBF4E9A483F9F591FBFCA5B483F94
:103E700041A81FBF271D483FCBF61FBF65DE473F48
:103E80003B4520BF849F473F939320BF8560473FBA
:103E9000D2E120BF6721473FF92F21BF2AE2463FE9
:103EA000067E21BFCEA2463FFBCB21BF5463463FD7
:103EB000D71922BFBB23463F996722BF03E4453F82
:103EC00043B522BF2DA4453FD30223BF3964453FEC
:103ED0004B5023BF2624453FA99D23BFF5E3443F14
:103EE000EEEA23BFA5A3443F1A3824BF3763443FFB
:103EF0002C8524BFAB22443F25D224BF00E2433FA0
:103F0000041F25BF38A1433FCB6B25BF5160433F02
:103F100077B825BF4C1F433F0A0526BF29DE423F25
:103F2000845126BFE89C423FE39D26BF895B423F08
:103F30002AEA26BF0B1A423F563627BF70D8413FA8
:103F4000688227BFB796413F61CE27BFE154413F0A
:103F5000401A28BFEC12413F056628BFDAD0403F27
:103F6000B0B128BFA98E403F41FD28BF5C4C403F07
:103F7000B84829BFF009403F159429BF67C73F3FA4
:103F800057DF29BFC0843F3F802A2ABFFC413F3F03
:103F90008E752ABF1BFF3E3F82C02ABF1BBC3E3F1F
:103FA0005B0B2BBFFF783E3F1B562BBFC5353E3FFB
:103FB000BFA02BBF6EF23D3F4AEB2BBFF9AE3D3F9A
:103FC000B9352CBF676B3D3F0F802CBFB8273D3FF5
:103FD00049CA2CBFECE33C3F69142DBF03A03C3F12
:103FE0006F5E2DBFFC5B3C3F59A82DBFD9173C3FEE
:103FF00029F22DBF98D33B3FDE3B2EBF3B8F3B3F8B
:1040000078852EBFC14A3B3FF7CE2EBF29063B3FE6
:104010005B182FBF75C13A3FA5612FBFA47C3A3F03
:10402000D3AA2FBFB7373A3FE6F32FBFACF2393FE1
:10403000DE3C30BF85AD393FBB8530BF4268393F7C
:104040007CCE30BFE122393F221731BF65DD383FDA
:10405000AD5F31BFCB97383F1DA831BF1652383FF7
:1040600071F031BF430C383FAA3832BF55C6373FD5
:10407000C78032BF4A80373FC9C832BF233A373F73
:10408000AF1033BFDFF3363F7A5833BF7FAD363FD3
:1040900029A033BF0467363FBCE733BF6C20363FEF
:1040A000342F34BFB8D9353F8F7634BFE792353FD0
:1040B000CFBD34BFFB4B353FF30435BFF304353F71
:1040C000FB4B35BFCFBD343FE79235BF8F76343FD2
:1040D000B8D935BF342F343F6C2036BFBCE7333FEF
:1040E000046736BF29A0333F7FAD36BF7A58333FD0
:1040F000DFF336BFAF10333F233A37BFC9C8323F73
:104100004A8037BFC780323F55C637BFAA38323FD3
:10411000430C38BF71F0313F165238BF1DA8313FF4
:10412000CB9738BFAD5F313F65DD38BF2217313FD8
:10413000E12239BF7CCE303F426839BFBB85303F7A
:1041400085AD39BFDE3C303FACF239BFE6F32F3FDF
:10415000B7373ABFD3AA2F3FA47C3ABFA5612F3F00
:1041600075C13ABF5B182F3F29063BBFF7CE2E3FE4
:10417000C14A3BBF78852E3F3B8F3BBFDE3B2E3F86
:1041800098D33BBF29F22D3FD9173CBF59A82D3FEB
:10419000FC5B3CBF6F5E2D3F03A03CBF69142D3F0D
:1041A000ECE33CBF49CA2C3FB8273DBF0F802C3FF2
:1041B000676B3DBFB9352C3FF9AE3DBF4AEB2B3F96
:1041C0006EF23DBFBFA02B3FC5353EBF1B562B3FF8
:1041D000FF783EBF5B0B2B3F1BBC3EBF82C02A3F1C
:1041E0001BFF3EBF8E752A3FFC413FBF802A2A3FFE
:1041F000C0843FBF57DF293F67C73FBF1594293FA2
:10420000F00940BFB848293F5C4C40BF41FD283F02
:10421000A98E40BFB0B1283FDAD040BF0566283F25
:10422000EC1241BF401A283FE15441BF61CE273F05
:10423000B79641BF6882273F70D841BF5636273FA7
:104240000B1A42BF2AEA263F895B42BFE39D263F05
:10425000E89C42BF8451263F29DE42BF0A05263F23
:104260004C1F43BF77B8253F516043BFCB6B253F01
:1042700038A143BF041F253F00E243BF25D2243F9E
:10428000AB2244BF2C85243F376344BF1A38243FF8
:10429000A5A344BFEEEA233FF5E344BFA99D233F16
:1042A000262445BF4B50233F396445BFD302233FEB
:1042B0002DA445BF43B5223F03E445BF9967223F84
:1042C000BB2346BFD719223F546346BFFBCB213FD8
:1042D000CEA246BF067E213F2AE246BFF92F213FEC
:1042E000672147BFD2E1203F856047BF9393203FBE
:1042F000849F47BF3B45203F65DE47BFCBF61F3F4E
:10430000271D48BF41A81F3FCA5B48BF9F591F3F99
:104310004E9A48BFE50A1F3FB3D848BF12BC1E3FA4
:10432000FA1649BF266D1E3F215549BF221E1E3F6A
:10433000299349BF06CF1D3F12D149BFD17F1D3FF1
:10434000DC0E4ABF84301D3F874C4ABF1FE11C3F33
:10435000138A4ABFA2911C3F7FC74ABF0C421C3F31
:10436000CC044BBF5FF21B3FFA414BBF99A21B3FEE
:10437000097F4BBFBB521B3FF8BB4BBFC6021B3F65
:10438000C7F84BBFB8B21A3F78354CBF93621A3F9B
:1043900008724CBF55121A3F79AE4CBF00C2193F8C
:1043A000CBEA4CBF9471193FFD264DBF0F21193F39
:1043B00010634DBF73D0183F029F4DBFC07F183FA1
:1043C000D5DA4DBFF52E183F89164EBF12DE173FC6
:1043D0001C524EBF188D173F908D4EBF073C173FA4
:1043E000E4C84EBFDFEA163F17044FBF9F99163F40
:1043F0002B3F4FBF4748163F1F7A4FBFD9F6153F97
:10440000F4B44FBF54A5153FA8EF4FBFB753153FA6
:104410003B2A50BF0402153FAF6450BF39B0143F70
:10442000039F50BF585E143F37D950BF5F0C143FF5
:104430004A1351BF50BA133F3D4D51BF2A68133F35
:10444000108751BFEE15133FC2C051BF9AC3123F30
:1044500054FA51BF3071123FC63352BFB01E123FE3
:10446000186D52BF19CC113F49A652BF6B79113F4D
:1044700059DF52BFA726113F491853BFCDD3103F74
:10448000185153BFDC80103FC78953BFD52D103F53
:1044900055C253BFB8DA0F3FC3FA53BF84870F3FEB
:1044A0000F3354BF3B340F3F3B6B54BFDBE00E3F39
:1044B00047A354BF658D0E3F31DB54BFDA390E3F41
:1044C000FB1255BF38E60D3FA44A55BF81920D3F00
:1044D0002C8255BFB33E0D3F93B955BFD0EA0C3F78
:1044E000D9F055BFD7960C3FFE2756BFC9420C3FA7
:1044F000025F56BFA5EE0B3FE59556BF6B9A0B3F8B
:10450000A7CC56BF1C460B3F480357BFB7F10A3F25
:10451000C73957BF3D9D0A3F267057BFAD480A3F78
:1045200063A657BF09F4093F7FDC57BF4E9F093F81
:10453000791258BF7F4A093F534858BF9BF5083F3F
:104540000B7E58BFA1A0083FA1B358BF924B083FB4
:1045500017E958BF6FF6073F6A1E59BF36A1073FDC
:104560009C5359BFE84B073FAD8859BF86F6063FBD
:104570009CBD59BF0EA1063F6AF259BF824B063F50
:1045800016275ABFE2F5053FA05B5ABF2CA0053F96
:1045900009905ABF624A053F50C45ABF84F4043F91
:1045A00075F85ABF919E043F792C5BBF8948043F40
:1045B0005A605BBF6DF2033F1A945BBF3D9C033FA3
:1045C000B8C75BBFF845033F34FB5BBF9FEF023FBB
:1045D0008E2E5CBF3299023FC7615CBFB142023F81
:1045E000DD945CBF1CEC013FD1C75CBF7395013FFC
:1045F000A3FA5CBFB53E013F532D5DBFE4E7003F2A
:10460000E15F5DBFFF90003F4D925DBF063A003F06
:1046100097C45DBFF3C5FF3EBEF65DBFB217FF3E58
:10462000C3285EBF4A69FE3EA65A5EBFBBBAFD3EC6
:10463000678C5EBF040CFD3E05BE5EBF275DFC3E81
:1046400081EF5EBF22AEFB3EDB205FBFF7FEFA3E8E
:1046500012525FBFA54FFA3E27835FBF2DA0F93EE0
:1046600019B45FBF8EF0F83EE9E45FBFC840F83E82
:10467000961560BFDC90F73E214660BFCBE0F63E6A
:10468000897660BF9330F63ECFA660BF3580F53E99
:10469000F2D660BFB1CFF43EF20661BF071FF43E11
:1046A000D03661BF386EF33E8A6661BF43BDF23ECD
:1046B000229661BF290CF23E98C561BFEA5AF13ECD
:1046C000EAF461BF85A9F03E1A2462BFFBF7EF3E12
:1046D000265362BF4C46EF3E108262BF7994EE3E95
:1046E000D7B062BF80E2ED3E7BDF62BF6330ED3E5C
:1046F000FC0D63BF217EEC3E5A3C63BFBBCBEB3E5F
:10470000956A63BF3019EB3EAC9863BF8166EA3EA1
:10471000A1C663BFAEB3E93E73F463BFB700E93E21
:10472000212264BF9C4DE83EAC4F64BF5D9AE73EDA
:10473000147D64BFFBE6E63E59AA64BF7533E63ECE
:104740007BD764BFCB7FE53E790465BFFECBE43EFB
:10475000543165BF0E18E43E0B5E65BFFA63E33E5D
:10476000A08A65BFC4AFE23E10B765BF6AFBE13EF9
:104770005EE365BFEE46E13E880F66BF4F92E03EC6
:104780008E3B66BF8DDDDF3E716766BFA928DF3EC9
:10479000309366BFA273DE3ECCBE66BF79BEDD3EFF
:1047A00045EA66BF2E09DD3E991567BFC153DC3E61
:1047B000CA4067BF319EDB3ED86B67BF80E8DA3EF8
:1047C000C19667BFAD32DA3E87C167BFB97CD93EBB
:1047D0002AEC67BFA3C6D83EA81668BF6B10D83EA8
:1047E000034168BF135AD73E396B68BF99A3D63EC1
:1047F0004C9568BFFDECD53E3CBF68BF4136D53E09
:1048000007E968BF647FD43EAE1269BF67C8D33E74
:10481000323C69BF4811D33E916569BF095AD23E07
:10482000CC8E69BFAAA2D13EE4B769BF2AEBD03EC5
:10483000D7E069BF8A33D03EA7096ABFCA7BCF3EA3
:1048400052326ABFEAC3CE3ED95A6ABFEA0BCE3EA5
:104850003C836ABFCA53CD3E7BAB6ABF8B9BCC3EC9
:1048600095D36ABF2CE3CB3E8CFB6ABFAE2ACB3E0E
:104870005E236BBF1072CA3E0C4B6BBF53B9C93E6F
:1048800095726BBF7700C93EFB996BBF7C47C83EF2
:104890003BC16BBF628EC73E58E86BBF29D5C63E91
:1048A000500F6CBFD21BC63E24366CBF5C62C53E47
:1048B000D45C6CBFC8A8C43E5E836CBF15EFC33E1A
:1048C000C5A96CBF4435C33E07D06CBF557BC23E03
:1048D00024F66CBF48C1C13E1D1C6DBF1E07C13E02
:1048E000F2416DBFD54CC03EA1676DBF6F92BF3E18
:1048F0002D8D6DBFEBD7BE3E93B26DBF4A1DBE3E40
:10490000D5D76DBF8B62BD3EF2FC6DBFAFA7BC3E7D
:10491000EB216EBFB6ECBB3EBE466EBFA031BB3EC8
:104920006D6B6EBF6E76BA3EF88F6EBF1EBBB93E22
:104930005DB46EBFB2FFB83E9ED86EBF2A44B83E8B
:10494000BAFC6EBF8488B73EB0206FBFC3CCB63E02
:1049500083446FBFE610B63E30686FBFEC54B53E7F
:10496000B88B6FBFD698B43E1BAF6FBFA5DCB33E0C
:104970005AD26FBF5820B33E73F56FBFEF63B23E9C
:10498000671870BF6BA7B13E373B70BFCBEAB03E34
:10499000E15D70BF102EB03E668070BF3A71AF3ED1
:1049A000C6A270BF49B4AE3E02C570BF3CF7AD3E73
:1049B00017E770BF153AAD3E080971BFD47CAC3E15
:1049C000D42A71BF77BFAB3E7A4C71BF0102AB3EB8
:1049D000FB6D71BF6F44AA3E578F71BFC486A93E5D
:1049E0008EB071BFFEC8A83E9FD171BF1F0BA83EFD
:1049F0008CF271BF254DA73E521372BF128FA63E97
:104A0000F43372BFE5D0A53E705472BF9F12A53E2D
:104A1000C77472BF3F54A43EF89472BFC595A33EBD
:104A200004B572BF33D7A23EEBD472BF8718A23E43
:104A3000ACF472BFC259A13E471473BFE59AA03EC1
:104A4000BE3373BFEEDB9F3E0E5373BFDF1C9F3E32
:104A5000397273BFB85D9E3E3F9173BF789E9D3E95
:104A60001FB073BF20DF9C3ED9CE73BFAF1F9C3EEB
:104A70006EED73BF27609B3EDD0B74BF86A09A3E30
:104A8000272A74BFCEE0993E4B4874BFFE20993E62
:104A9000496674BF1661983E228474BF17A1973E81
:104AA000D5A174BF00E1963E62BF74BFD220963E8E
:104AB000C9DC74BF8D60953E0BFA74BF31A0943E83
:104AC000271775BFBFDF933E1D3475BF351F933E5B
:104AD000ED5075BF945E923E976D75BFDD9D913E22
:104AE0001C8A75BF10DD903E7BA675BF2C1C903EC6
:104AF000B3C275BF325B8F3EC6DE75BF229A8E3E53
:104B0000B3FA75BFFCD88D3E7A1676BFC0178D3EBE
:104B10001B3276BF6E568C3E974D76BF07958B3E07
:104B2000EC6876BF8AD38A3E1B8476BFF8118A3E32
:104B3000249F76BF5050893E07BA76BF938E883E39
:104B4000C4D476BFC1CC873E5BEF76BFDA0A873E1E
:104B5000CC0977BFDF48863E172477BFCE86853ED7
:104B60003C3E77BFAAC4843E3A5877BF7002843E69
:104B7000137277BF2240833EC58B77BFC07D823ED4
:104B800051A577BF4ABB813EB7BE77BFC0F8803E14
:104B9000F7D777BF2236803E10F177BFE1E67E3E41
:104BA000040A78BF56617D3ED12278BFA4DB7B3EEC
:104BB000773B78BFCB557A3EF85378BFCCCF783E61
:104BC000526C78BFA649773E868478BF5AC3753E3B
:104BD000939C78BFE83C743E7BB478BF51B6723E7C
:104BE0003BCC78BF942F713ED6E378BFB2A86F3E1E
:104BF0004AFB78BFAB216E3E981279BF7F9A6C3E1C
:104C0000BF2979BF2F136B3EC04079BFBA8B693E75
:104C10009A5779BF2204683E4E6E79BF667C663E25
:104C2000DC8479BF86F4643E439B79BF836C633E2A
:104C300083B179BF5CE4613E9DC779BF135C603E80
:104C400091DD79BFA8D35E3E5EF379BF1A4B5D3E1E
:104C500004097ABF6AC25B3E841E7ABF97395A3E06
:104C6000DD337ABFA4B0583E10497ABF8F27573E34
:104C70001C5E7ABF589E553E02737ABF0115543EA2
:104C8000C1877ABF898B523E599C7ABFF101513E50
:104C9000CBB07ABF38784F3E16C57ABF60EE4D3E36
:104CA0003AD97ABF67644C3E37ED7ABF4FDA4A3E55
:104CB0000E017BBF1850493EBE147BBFC2C5473EA4
:104CC00048287BBF4D3B463EAB3B7BBFB9B0443E23
:104CD000E74E7BBF0726433EFC617BBF379B413ECF
:104CE000EA747BBF4910403EB2877BBF3E853E3EA3
:104CF000539A7BBF15FA3C3ECDAC7BBFCF6E3B3E9B
:104D000020BF7BBF6CE3393E4DD17BBFEC57383EB3
:104D100053E37BBF50CC363E31F57BBF9840353EE8
:104D2000E9067CBFC4B4333E7A187CBFD428323E37
:104D3000E5297CBFC99C303E283B7CBFA2102F3E9A
:104D4000444C7CBF61842D3E3A5D7CBF04F82B3E11
:104D5000086E7CBF8D6B2A3EB07E7CBFFCDE283E99
:104D6000318F7CBF5152273E8A9F7CBF8CC5253E28
:104D7000BDAF7CBFAD38243EC9BF7CBFB6AB223EC1
:104D8000AECF7CBFA51E213E6CDF7CBF7B911F3E5A
:104D900003EF7CBF38041E3E73FE7CBFDE761C3EF4
:104DA000BC0D7DBF6BE91A3EDD1C7DBFE05B193E8B
:104DB000D82B7DBF3DCE173EAC3A7DBF8340163E1B
:104DC00059497DBFB2B2143EDE577DBFCA24133E9F
:104DD0003D667DBFCC96113E74747DBFB708103E12
:104DE00085827DBF8B7A0E3E6E907DBF4AEC0C3E75
:104DF000309E7DBFF35D0B3ECCAB7DBF86CF093EC1
:104E000040B97DBF0541083E8CC67DBF6EB2063EEF
:104E1000B2D37DBFC223053EB1E07DBF0295033E04
:104E200088ED7DBF2E06023E38FA7DBF4577003EF5
:104E3000C2067EBF92D0FD3D24137EBF73B2FA3D01
:104E40005E1F7EBF2C94F73D722B7EBFC075F43D74
:104E50005E377EBF2E57F13D23437EBF7638EE3D51
:104E6000C14E7EBF9A19EB3D385A7EBF9AFAE73D94
:104E700088657EBF76DBE43DB0707EBF2EBCE13D31
:104E8000B17B7EBFC49CDE3D8B867EBF377DDB3D24
:104E90003D917EBF895DD83DC99B7EBFB93DD53D63
:104EA0002DA67EBFC81DD23D69B07EBFB7FDCE3DE9
:104EB0007FBA7EBF86DDCB3D6DC47EBF36BDC83DAB
:104EC00034CE7EBFC69CC53DD4D77EBF397CC23DA3
:104ED0004CE17EBF8D5BBF3D9DEA7EBFC33ABC3DCA
:104EE000C7F37EBFDD19B93DC9FC7EBFDAF8B53D19
:104EF000A4057FBFBBD7B23D580E7FBF80B6AF3D84
:104F0000E4167FBF2B95AC3D491F7FBFBA73A93D07
:104F100087277FBF3052A63D9D2F7FBF8C30A33D9A
:104F20008D377FBFCF0EA03D543F7FBFF9EC9C3D36
:104F3000F4467FBF0ACB993D6D4E7FBF05A9963DD4
:104F4000BF557FBFE786933DE95C7FBFB464903D6A
:104F5000EC637FBF6A428D3DC76A7FBF0A208A3DEE
:104F60007B717FBF94FD863D08787FBF0ADB833D60
:104F70006D7E7FBF6CB8803DAB847FBF742B7B3D63
:104F8000C28A7FBFE9E5743DB1907FBF38A06E3D16
:104F900078967FBF625A683D189C7FBF6814623D57
:104FA00091A17FBF4CCE5B3DE3A67FBF0E88553DF0
:104FB0000DAC7FBFAF414F3D0FB17FBF2FFB483DD1
:104FC000EAB57FBF91B4423D9EBA7FBFD56D3C3DEF
:104FD0002ABF7FBFFC26363D8FC37FBF07E02F3D32
:104FE000CCC77FBFF698293DE2CB7FBFCC51233D94
:104FF000D1CF7FBF880A1D3D98D37FBF2CC3163DFC
:1050000037D77FBFB87B103DAFDA7FBF2F340A3D63
:1050100000DE7FBF90EC033D29E17FBFB949FB3C37
:105020002BE47FBF2DBAEE3C05E77FBF7B2AE23C35
:10503000B8E97FBFA69AD53C43EC7FBFB00AC93C14
:10504000A7EE7FBF9B7ABC3CE3F07FBF69EAAF3C31
:10505000F8F27FBF1C5AA33CE6F47FBFB6C9963C6A
:10506000ACF67FBF38398A3C4AF87FBF4B517B3C56
:10507000C1F97FBF0030623C11FB7FBF900E493CFD
:1050800039FC7FBF02ED2F3C39FD7FBF59CB163C69
:1050900013FE7FBF3053FB3BC4FE7FBF890FC93B6C
:1050A0004EFF7FBFC1CB963BB1FF7FBFC70F493BD0
:1050B000ECFF7FBFD40FC93A000080BF00000000A2
:1050C000ECFF7FBFD40FC9BAB1FF7FBFC70F49BB89
:1050D0004EFF7FBFC1CB96BBC4FE7FBF890FC9BB4C
:1050E00013FE7FBF3053FBBB39FD7FBF59CB16BCCE
:1050F00039FC7FBF02ED2FBC11FB7FBF900E49BC76
:10510000C1F97FBF003062BC4AF87FBF4B517BBC06
:10511000ACF67FBF38398ABCE6F47FBFB6C996BC0F
:10512000F8F27FBF1C5AA3BCE3F07FBF69EAAFBCB3
:10513000A7EE7FBF9B7ABCBC43EC7FBFB00AC9BC63
:10514000B8E97FBFA69AD5BC05E77FBF7B2AE2BC42
:105150002BE47FBF2DBAEEBC29E17FBFB949FBBC70
:1051600000DE7FBF90EC03BDAFDA7FBF2F340ABDF6
:1051700037D77FBFB87B10BD98D37FBF2CC316BD78
:10518000D1CF7FBF880A1DBDE2CB7FBFCC5123BDED
:10519000CCC77FBFF69829BD8FC37FBF07E02FBD67
:1051A0002ABF7FBFFC2636BD9EBA7FBFD56D3CBDF2
:1051B000EAB57FBF91B442BD0FB17FBF2FFB48BDA1
:1051C0000DAC7FBFAF414FBDE3A67FBF0E8855BD7D
:1051D00091A17FBF4CCE5BBD189C7FBF681462BDA0
:1051E00078967FBF625A68BDB1907FBF38A06EBD10
:1051F000C28A7FBFE9E574BDAB847FBF742B7BBDE2
:105200006D7E7FBF6CB880BD08787FBF0ADB83BD31
:105210007B717FBF94FD86BDC76A7FBF0A208ABDB0
:10522000EC637FBF6A428DBDE95C7FBFB46490BD13
:10523000BF557FBFE78693BD6D4E7FBF05A996BD65
:10524000F4467FBF0ACB99BD543F7FBFF9EC9CBDAC
:105250008D377FBFCF0EA0BD9D2F7FBF8C30A3BDEC
:1052600087277FBF3052A6BD491F7FBFBA73A9BD34
:10527000E4167FBF2B95ACBD580E7FBF80B6AFBD87
:10528000A4057FBFBBD7B2BDC9FC7EBFDAF8B5BDF0
:10529000C7F37EBFDD19B9BD9DEA7EBFC33ABCBD71
:1052A0004CE17EBF8D5BBFBDD4D77EBF397CC2BD14
:1052B00034CE7EBFC69CC5BD6DC47EBF36BDC8BDE5
:1052C0007FBA7EBF86DDCBBD69B07EBFB7FDCEBDE8
:1052D0002DA67EBFC81DD2BDC99B7EBFB93DD5BD21
:1052E0003D917EBF895DD8BD8B867EBF377DDBBD9E
:1052F000B17B7EBFC49CDEBDB0707EBF2EBCE1BD65
:1053000088657EBF76DBE4BD385A7EBF9AFAE7BD7A
:10531000C14E7EBF9A19EBBD23437EBF7638EEBDEA
:105320005E377EBF2E57F1BD722B7EBFC075F4BDB8
:105330005E1F7EBF2C94F7BD24137EBF73B2FABDEF
:10534000C2067EBF92D0FDBD38FA7DBF457700BE54
:1053500088ED7DBF2E0602BEB1E07DBF029503BE83
:10536000B2D37DBFC22305BE8CC67DBF6EB206BE62
:1053700040B97DBF054108BECCAB7DBF86CF09BE1D
:10538000309E7DBFF35D0BBE6E907DBF4AEC0CBEC0
:1053900085827DBF8B7A0EBE74747DBFB70810BE48
:1053A0003D667DBFCC9611BEDE577DBFCA2413BEBD
:1053B00059497DBFB2B214BEAC3A7DBF834016BE20
:1053C000D82B7DBF3DCE17BEDD1C7DBFE05B19BE77
:1053D000BC0D7DBF6BE91ABE73FE7CBFDE761CBEC2
:1053E00003EF7CBF38041EBE6CDF7CBF7B911FBE09
:1053F000AECF7CBFA51E21BEC9BF7CBFB6AB22BE4F
:10540000BDAF7CBFAD3824BE8A9F7CBF8CC525BE96
:10541000318F7CBF515227BEB07E7CBFFCDE28BEE0
:10542000086E7CBF8D6B2ABE3A5D7CBF04F82BBE34
:10543000444C7CBF61842DBE283B7CBFA2102FBE94
:10544000E5297CBFC99C30BE7A187CBFD42832BE07
:10545000E9067CBFC4B433BE31F57BBF984035BE8E
:1054600053E37BBF50CC36BE4DD17BBFEC5738BE2B
:1054700020BF7BBF6CE339BECDAC7BBFCF6E3BBEE4
:10548000539A7BBF15FA3CBEB2877BBF3E853EBEBA
:10549000EA747BBF491040BEFC617BBF379B41BEB5
:1054A000E74E7BBF072643BEAB3B7BBFB9B044BED4
:1054B00048287BBF4D3B46BEBE147BBFC2C547BE1E
:1054C0000E017BBF185049BE37ED7ABF4FDA4ABE96
:1054D0003AD97ABF67644CBE16C57ABF60EE4DBE3E
:1054E000CBB07ABF38784FBE599C7ABFF10151BE1C
:1054F000C1877ABF898B52BE02737ABF011554BE31
:105500001C5E7ABF589E55BE10497ABF8F2757BE82
:10551000DD337ABFA4B058BE841E7ABF97395ABE15
:1055200004097ABF6AC25BBE5EF379BF1A4B5DBEE7
:1055300091DD79BFA8D35EBE9DC779BF135C60BE05
:1055400083B179BF5CE461BE439B79BF836C63BE6A
:10555000DC8479BF86F464BE4E6E79BF667C66BE1D
:105560009A5779BF220468BEC04079BFBA8B69BE22
:10557000BF2979BF2F136BBE981279BF7F9A6CBE7B
:105580004AFB78BFAB216EBED6E378BFB2A86FBE30
:105590003BCC78BF942F71BE7BB478BF51B672BE3E
:1055A000939C78BFE83C74BE868478BF5AC375BEAE
:1055B000526C78BFA64977BEF85378BFCCCF78BE7F
:1055C000773B78BFCB557ABED12278BFA4DB7BBEB8
:1055D000040A78BF56617DBE10F177BFE1E67EBE5A
:1055E000F7D777BF223680BEB7BE77BFC0F880BE80
:1055F00051A577BF4ABB81BEC58B77BFC07D82BE38
:10560000137277BF224083BE3A5877BF700284BEC0
:105610003C3E77BFAAC484BE172477BFCE8685BE22
:10562000CC0977BFDF4886BE5BEF76BFDA0A87BE5C
:10563000C4D476BFC1CC87BE07BA76BF938E88BE6E
:10564000249F76BF505089BE1B8476BFF8118ABE56
:10565000EC6876BF8AD38ABE974D76BF07958BBE1E
:105660001B3276BF6E568CBE7A1676BFC0178DBEC3
:10567000B3FA75BFFCD88DBEC6DE75BF229A8EBE4A
:10568000B3C275BF325B8FBE7BA675BF2C1C90BEAC
:105690001C8A75BF10DD90BE976D75BFDD9D91BEF4
:1056A000ED5075BF945E92BE1D3475BF351F93BE1D
:1056B000271775BFBFDF93BE0BFA74BF31A094BE2E
:1056C000C9DC74BF8D6095BE62BF74BFD22096BE28
:1056D000D5A174BF00E196BE228474BF17A197BE06
:1056E000496674BF166198BE4B4874BFFE2099BED0
:1056F000272A74BFCEE099BEDD0B74BF86A09ABE88
:105700006EED73BF27609BBED9CE73BFAF1F9CBE2B
:105710001FB073BF20DF9CBE3F9173BF789E9DBEBC
:10572000397273BFB85D9EBE0E5373BFDF1C9FBE40
:10573000BE3373BFEEDB9FBE471473BFE59AA0BEB6
:10574000ACF472BFC259A1BEEBD472BF8718A2BE1F
:1057500004B572BF33D7A2BEF89472BFC595A3BE7D
:10576000C77472BF3F54A4BE705472BF9F12A5BECF
:10577000F43372BFE5D0A5BE521372BF128FA6BE1E
:105780008CF271BF254DA7BE9FD171BF1F0BA8BE64
:105790008EB071BFFEC8A8BE578F71BFC486A9BEA8
:1057A000FB6D71BF6F44AABE7A4C71BF0102ABBEE4
:1057B000D42A71BF77BFABBE080971BFD47CACBE21
:1057C00017E770BF153AADBE02C570BF3CF7ADBE5E
:1057D000C6A270BF49B4AEBE668070BF3A71AFBE9C
:1057E000E15D70BF102EB0BE373B70BFCBEAB0BEDC
:1057F000671870BF6BA7B1BE73F56FBFEF63B2BE22
:105800005AD26FBF5820B3BE1BAF6FBFA5DCB3BE6B
:10581000B88B6FBFD698B4BE30686FBFEC54B5BEBE
:1058200083446FBFE610B6BEB0206FBFC3CCB6BE18
:10583000BAFC6EBF8488B7BE9ED86EBF2A44B8BE7D
:105840005DB46EBFB2FFB8BEF88F6EBF1EBBB9BEEF
:105850006D6B6EBF6E76BABEBE466EBFA031BBBE6C
:10586000EB216EBFB6ECBBBEF2FC6DBFAFA7BCBEFA
:10587000D5D76DBF8B62BDBE93B26DBF4A1DBEBE94
:105880002D8D6DBFEBD7BEBEA1676DBF6F92BFBE42
:10589000F2416DBFD54CC0BE1D1C6DBF1E07C1BE01
:1058A00024F66CBF48C1C1BE07D06CBF557BC2BED9
:1058B000C5A96CBF4435C3BE5E836CBF15EFC3BEC4
:1058C000D45C6CBFC8A8C4BE24366CBF5C62C5BEC5
:1058D000500F6CBFD21BC6BE58E86BBF29D5C6BEE1
:1058E0003BC16BBF628EC7BEFB996BBF7C47C8BE16
:1058F00095726BBF7700C9BE0C4B6BBF53B9C9BE65
:105900005E236BBF1072CABE8CFB6ABFAE2ACBBED1
:1059100095D36ABF2CE3CBBE7BAB6ABF8B9BCCBE5F
:105920003C836ABFCA53CDBED95A6ABFEA0BCEBE0A
:1059300052326ABFEAC3CEBEA7096ABFCA7BCFBED6
:10594000D7E069BF8A33D0BEE4B769BF2AEBD0BEC7
:10595000CC8E69BFAAA2D1BE916569BF095AD2BED9
:10596000323C69BF4811D3BEAE1269BF67C8D3BE0F
:1059700007E968BF647FD4BE3CBF68BF4136D5BE6F
:105980004C9568BFFDECD5BE396B68BF99A3D6BEF8
:10599000034168BF135AD7BEA81668BF6B10D8BEA4
:1059A0002AEC67BFA3C6D8BE87C167BFB97CD9BE82
:1059B000C19667BFAD32DABED86B67BF80E8DABE8A
:1059C000CA4067BF319EDBBE991567BFC153DCBEBD
:1059D00045EA66BF2E09DDBECCBE66BF79BEDDBE20
:1059E000309366BFA273DEBE716766BFA928DFBEB3
:1059F0008E3B66BF8DDDDFBE880F66BF4F92E0BE77
:105A00005EE365BFEE46E1BE10B765BF6AFBE1BE6F
:105A1000A08A65BFC4AFE2BE0B5E65BFFA63E3BE9A
:105A2000543165BF0E18E4BE790465BFFECBE4BEF9
:105A30007BD764BFCB7FE5BE59AA64BF7533E6BE92
:105A4000147D64BFFBE6E6BEAC4F64BF5D9AE7BE63
:105A5000212264BF9C4DE8BE73F463BFB700E9BE6A
:105A6000A1C663BFAEB3E9BEAC9863BF8166EABEB0
:105A7000956A63BF3019EBBE5A3C63BFBBCBEBBE2C
:105A8000FC0D63BF217EECBE7BDF62BF6330EDBEE9
:105A9000D7B062BF80E2EDBE108262BF7994EEBEE5
:105AA000265362BF4C46EFBE1A2462BFFBF7EFBE1F
:105AB000EAF461BF85A9F0BE98C561BFEA5AF1BE9C
:105AC000229661BF290CF2BE8A6661BF43BDF2BE59
:105AD000D03661BF386EF3BEF20661BF071FF4BE59
:105AE000F2D660BFB1CFF4BECFA660BF3580F5BEA1
:105AF000897660BF9330F6BE214660BFCBE0F6BE2C
:105B0000961560BFDC90F7BEE9E45FBFC840F8BE01
:105B100019B45FBF8EF0F8BE27835FBF2DA0F9BE1A
:105B200012525FBFA54FFABEDB205FBFF7FEFABE81
:105B300081EF5EBF22AEFBBE05BE5EBF275DFCBE31
:105B4000678C5EBF040CFDBEA65A5EBFBBBAFDBE2D
:105B5000C3285EBF4A69FEBEBEF65DBFB217FFBE78
:105B600097C45DBFF3C5FFBE4D925DBF063A00BF4F
:105B7000E15F5DBFFF9000BF532D5DBFE4E700BF55
:105B8000A3FA5CBFB53E01BFD1C75CBF739501BF2F
:105B9000DD945CBF1CEC01BFC7615CBFB14202BFBA
:105BA0008E2E5CBF329902BF34FB5BBF9FEF02BFFA
:105BB000B8C75BBFF84503BF1A945BBF3D9C03BFEA
:105BC0005A605BBF6DF203BF792C5BBF894804BF8D
:105BD00075F85ABF919E04BF50C45ABF84F404BFE5
:105BE00009905ABF624A05BFA05B5ABF2CA005BFEF
:105BF00016275ABFE2F505BF6AF259BF824B06BFAE
:105C00009CBD59BF0EA106BFAD8859BF86F606BF21
:105C10009C5359BFE84B07BF6A1E59BF36A107BF47
:105C200017E958BF6FF607BFA1B358BF924B08BF23
:105C30000B7E58BFA1A008BF534858BF9BF508BFB3
:105C4000791258BF7F4A09BF7FDC57BF4E9F09BFFB
:105C500063A657BF09F409BF267057BFAD480ABFF6
:105C6000C73957BF3D9D0ABF480357BFB7F10ABFA9
:105C7000A7CC56BF1C460BBFE59556BF6B9A0BBF12
:105C8000025F56BFA5EE0BBFFE2756BFC9420CBF31
:105C9000D9F055BFD7960CBF93B955BFD0EA0CBF0A
:105CA0002C8255BFB33E0DBFA44A55BF81920DBF94
:105CB000FB1255BF38E60DBF31DB54BFDA390EBFDA
:105CC00047A354BF658D0EBF3B6B54BFDBE00EBFD7
:105CD0000F3354BF3B340FBFC3FA53BF84870FBF8A
:105CE00055C253BFB8DA0FBFC78953BFD52D10BFF8
:105CF000185153BFDC8010BF491853BFCDD310BF1C
:105D000059DF52BFA72611BF49A652BF6B7911BFF9
:105D1000186D52BF19CC11BFC63352BFB01E12BF8F
:105D200054FA51BF307112BFC2C051BF9AC312BFE3
:105D3000108751BFEE1513BF3D4D51BF2A6813BFE9
:105D40004A1351BF50BA13BF37D950BF5F0C14BFAD
:105D5000039F50BF585E14BFAF6450BF39B014BF2B
:105D60003B2A50BF040215BFA8EF4FBFB75315BF62
:105D7000F4B44FBF54A515BF1F7A4FBFD9F615BF56
:105D80002B3F4FBF474816BF17044FBF9F9916BF01
:105D9000E4C84EBFDFEA16BF908D4EBF073C17BF69
:105DA0001C524EBF188D17BF89164EBF12DE17BF8B
:105DB000D5DA4DBFF52E18BF029F4DBFC07F18BF6B
:105DC00010634DBF73D018BFFD264DBF0F2119BF03
:105DD000CBEA4CBF947119BF79AE4CBF00C219BF5A
:105DE00008724CBF55121ABF78354CBF93621ABF68
:105DF000C7F84BBFB8B21ABFF8BB4BBFC6021BBF38
:105E0000097F4BBFBB521BBFFA414BBF99A21BBFBF
:105E1000CC044BBF5FF21BBF7FC74ABF0C421CBF05
:105E2000138A4ABFA2911CBF874C4ABF1FE11CBF07
:105E3000DC0E4ABF84301DBF12D149BFD17F1DBFC8
:105E4000299349BF06CF1DBF215549BF221E1EBF42
:105E5000FA1649BF266D1EBFB3D848BF12BC1EBF7D
:105E60004E9A48BFE50A1FBFCA5B48BF9F591FBF74
:105E7000271D48BF41A81FBF65DE47BFCBF61FBF28
:105E8000849F47BF3B4520BF856047BF939320BF9A
:105E9000672147BFD2E120BF2AE246BFF92F21BFC9
:105EA000CEA246BF067E21BF546346BFFBCB21BFB7
:105EB000BB2346BFD71922BF03E445BF996722BF62
:105EC0002DA445BF43B522BF396445BFD30223BFCC
:105ED000262445BF4B5023BFF5E344BFA99D23BFF4
:105EE000A5A344BFEEEA23BF376344BF1A3824BFDB
:105EF000AB2244BF2C8524BF00E243BF25D224BF80
:105F000038A143BF041F25BF516043BFCB6B25BFE2
:105F10004C1F43BF77B825BF29DE42BF0A0526BF05
:105F2000E89C42BF845126BF895B42BFE39D26BFE8
:105F30000B1A42BF2AEA26BF70D841BF563627BF88
:105F4000B79641BF688227BFE15441BF61CE27BFEA
:105F5000EC1241BF401A28BFDAD040BF056628BF07
:105F6000A98E40BFB0B128BF5C4C40BF41FD28BFE7
:105F7000F00940BFB84829BF67C73FBF159429BF84
:105F8000C0843FBF57DF29BFFC413FBF802A2ABFE3
:105F90001BFF3EBF8E752ABF1BBC3EBF82C02ABFFF
:105FA000FF783EBF5B0B2BBFC5353EBF1B562BBFDB
:105FB0006EF23DBFBFA02BBFF9AE3DBF4AEB2BBF7A
:105FC000676B3DBFB9352CBFB8273DBF0F802CBFD5
:105FD000ECE33CBF49CA2CBF03A03CBF69142DBFF2
:105FE000FC5B3CBF6F5E2DBFD9173CBF59A82DBFCE
:105FF00098D33BBF29F22DBF3B8F3BBFDE3B2EBF6B
:10600000C14A3BBF78852EBF29063BBFF7CE2EBFC6
:1060100075C13ABF5B182FBFA47C3ABFA5612FBFE3
:10602000B7373ABFD3AA2FBFACF239BFE6F32FBFC1
:1060300085AD39BFDE3C30BF426839BFBB8530BF5C
:10604000E12239BF7CCE30BF65DD38BF221731BFBA
:10605000CB9738BFAD5F31BF165238BF1DA831BFD7
:10606000430C38BF71F031BF55C637BFAA3832BFB5
:106070004A8037BFC78032BF233A37BFC9C832BF53
:10608000DFF336BFAF1033BF7FAD36BF7A5833BFB3
:10609000046736BF29A033BF6C2036BFBCE733BFCF
:1060A000B8D935BF342F34BFE79235BF8F7634BFB0
:1060B000FB4B35BFCFBD34BFF30435BFF30435BF51
:1060C000CFBD34BFFB4B35BF8F7634BFE79235BFB2
:1060D000342F34BFB8D935BFBCE733BF6C2036BFCF
:1060E00029A033BF046736BF7A5833BF7FAD36BFB0
:1060F000AF1033BFDFF336BFC9C832BF233A37BF53
:10610000C78032BF4A8037BFAA3832BF55C637BFB3
:1061100071F031BF430C38BF1DA831BF165238BFD4
:10612000AD5F31BFCB9738BF221731BF65DD38BFB8
:106130007CCE30BFE12239BFBB8530BF426839BF5A
:10614000DE3C30BF85AD39BFE6F32FBFACF239BFBF
:10615000D3AA2FBFB7373ABFA5612FBFA47C3ABFE0
:106160005B182FBF75C13ABFF7CE2EBF29063BBFC4
:1061700078852EBFC14A3BBFDE3B2EBF3B8F3BBF66
:1061800029F22DBF98D33BBF59A82DBFD9173CBFCB
:106190006F5E2DBFFC5B3CBF69142DBF03A03CBFED
:1061A00049CA2CBFECE33CBF0F802CBFB8273DBFD2
:1061B000B9352CBF676B3DBF4AEB2BBFF9AE3DBF76
:1061C000BFA02BBF6EF23DBF1B562BBFC5353EBFD8
:1061D0005B0B2BBFFF783EBF82C02ABF1BBC3EBFFC
:1061E0008E752ABF1BFF3EBF802A2ABFFC413FBFDE
:1061F00057DF29BFC0843FBF159429BF67C73FBF82
:10620000B84829BFF00940BF41FD28BF5C4C40BFE2
:10621000B0B128BFA98E40BF056628BFDAD040BF05
:10622000401A28BFEC1241BF61CE27BFE15441BFE5
:10623000688227BFB79641BF563627BF70D841BF87
:106240002AEA26BF0B1A42BFE39D26BF895B42BFE5
:10625000845126BFE89C42BF0A0526BF29DE42BF03
:1062600077B825BF4C1F43BFCB6B25BF516043BFE1
:10627000041F25BF38A143BF25D224BF00E243BF7E
:106280002C8524BFAB2244BF1A3824BF376344BFD8
:10629000EEEA23BFA5A344BFA99D23BFF5E344BFF6
:1062A0004B5023BF262445BFD30223BF396445BFCB
:1062B00043B522BF2DA445BF996722BF03E445BF64
:1062C000D71922BFBB2346BFFBCB21BF546346BFB8
:1062D000067E21BFCEA246BFF92F21BF2AE246BFCC
:1062E000D2E120BF672147BF939320BF856047BF9E
:1062F0003B4520BF849F47BFCBF61FBF65DE47BF2E
:1063000041A81FBF271D48BF9F591FBFCA5B48BF79
:10631000E50A1FBF4E9A48BF12BC1EBFB3D848BF84
:10632000266D1EBFFA1649BF221E1EBF215549BF4A
:1063300006CF1DBF299349BFD17F1DBF12D149BFD1
:1063400084301DBFDC0E4ABF1FE11CBF874C4ABF13
:10635000A2911CBF138A4ABF0C421CBF7FC74ABF11
:106360005FF21BBFCC044BBF99A21BBFFA414BBFCE
:10637000BB521BBF097F4BBFC6021BBFF8BB4BBF45
:10638000B8B21ABFC7F84BBF93621ABF78354CBF7B
:1063900055121ABF08724CBF00C219BF79AE4CBF6C
:1063A000947119BFCBEA4CBF0F2119BFFD264DBF19
:1063B00073D018BF10634DBFC07F18BF029F4DBF81
:1063C000F52E18BFD5DA4DBF12DE17BF89164EBFA6
:1063D000188D17BF1C524EBF073C17BF908D4EBF84
:1063E000DFEA16BFE4C84EBF9F9916BF17044FBF20
:1063F000474816BF2B3F4FBFD9F615BF1F7A4FBF77
:1064000054A515BFF4B44FBFB75315BFA8EF4FBF86
:10641000040215BF3B2A50BF39B014BFAF6450BF50
:10642000585E14BF039F50BF5F0C14BF37D950BFD5
:1064300050BA13BF4A1351BF2A6813BF3D4D51BF15
:10644000EE1513BF108751BF9AC312BFC2C051BF10
:10645000307112BF54FA51BFB01E12BFC63352BFC3
:1064600019CC11BF186D52BF6B7911BF49A652BF2D
:10647000A72611BF59DF52BFCDD310BF491853BF54
:10648000DC8010BF185153BFD52D10BFC78953BF33
:10649000B8DA0FBF55C253BF84870FBFC3FA53BFCB
:1064A0003B340FBF0F3354BFDBE00EBF3B6B54BF19
:1064B000658D0EBF47A354BFDA390EBF31DB54BF21
:1064C00038E60DBFFB1255BF81920DBFA44A55BFE0
:1064D000B33E0DBF2C8255BFD0EA0CBF93B955BF58
:1064E000D7960CBFD9F055BFC9420CBFFE2756BF87
:1064F000A5EE0BBF025F56BF6B9A0BBFE59556BF6B
:106500001C460BBFA7CC56BFB7F10ABF480357BF05
:106510003D9D0ABFC73957BFAD480ABF267057BF58
:1065200009F409BF63A657BF4E9F09BF7FDC57BF61
:106530007F4A09BF791258BF9BF508BF534858BF1F
:10654000A1A008BF0B7E58BF924B08BFA1B358BF94
:106550006FF607BF17E958BF36A107BF6A1E59BFBC
:10656000E84B07BF9C5359BF86F606BFAD8859BF9D
:106570000EA106BF9CBD59BF824B06BF6AF259BF30
:10658000E2F505BF16275ABF2CA005BFA05B5ABF76
:10659000624A05BF09905ABF84F404BF50C45ABF71
:1065A000919E04BF75F85ABF894804BF792C5BBF20
:1065B0006DF203BF5A605BBF3D9C03BF1A945BBF83
:1065C000F84503BFB8C75BBF9FEF02BF34FB5BBF9B
:1065D000329902BF8E2E5CBFB14202BFC7615CBF61
:1065E0001CEC01BFDD945CBF739501BFD1C75CBFDC
:1065F000B53E01BFA3FA5CBFE4E700BF532D5DBF0A
:10660000FF9000BFE15F5DBF063A00BF4D925DBFE6
:10661000F3C5FFBE97C45DBFB217FFBEBEF65DBF38
:106620004A69FEBEC3285EBFBBBAFDBEA65A5EBFA6
:10663000040CFDBE678C5EBF275DFCBE05BE5EBF61
:1066400022AEFBBE81EF5EBFF7FEFABEDB205FBF6E
:10665000A54FFABE12525FBF2DA0F9BE27835FBFC0
:106660008EF0F8BE19B45FBFC840F8BEE9E45FBF62
:10667000DC90F7BE961560BFCBE0F6BE214660BF4A
:106680009330F6BE897660BF3580F5BECFA660BF79
:10669000B1CFF4BEF2D660BF071FF4BEF20661BFF1
:1066A000386EF3BED03661BF43BDF2BE8A6661BFAD
:1066B000290CF2BE229661BFEA5AF1BE98C561BFAD
:1066C00085A9F0BEEAF461BFFBF7EFBE1A2462BFF2
:1066D0004C46EFBE265362BF7994EEBE108262BF75
:1066E00080E2EDBED7B062BF6330EDBE7BDF62BF3C
:1066F000217EECBEFC0D63BFBBCBEBBE5A3C63BF3F
:106700003019EBBE956A63BF8166EABEAC9863BF81
:10671000AEB3E9BEA1C663BFB700E9BE73F463BF01
:106720009C4DE8BE212264BF5D9AE7BEAC4F64BFBA
:10673000FBE6E6BE147D64BF7533E6BE59AA64BFAE
:10674000CB7FE5BE7BD764BFFECBE4BE790465BFDB
:106750000E18E4BE543165BFFA63E3BE0B5E65BF3D
:10676000C4AFE2BEA08A65BF6AFBE1BE10B765BFD9
:10677000EE46E1BE5EE365BF4F92E0BE880F66BFA6
:106780008DDDDFBE8E3B66BFA928DFBE716766BFA9
:10679000A273DEBE309366BF79BEDDBECCBE66BFDF
:1067A0002E09DDBE45EA66BFC153DCBE991567BF41
:1067B000319EDBBECA4067BF80E8DABED86B67BFD8
:1067C000AD32DABEC19667BFB97CD9BE87C167BF9B
:1067D000A3C6D8BE2AEC67BF6B10D8BEA81668BF88
:1067E000135AD7BE034168BF99A3D6BE396B68BFA1
:1067F000FDECD5BE4C9568BF4136D5BE3CBF68BFE9
:10680000647FD4BE07E968BF67C8D3BEAE1269BF54
:106810004811D3BE323C69BF095AD2BE916569BFE7
:10682000AAA2D1BECC8E69BF2AEBD0BEE4B769BFA5
:106830008A33D0BED7E069BFCA7BCFBEA7096ABF83
:10684000EAC3CEBE52326ABFEA0BCEBED95A6ABF85
:10685000CA53CDBE3C836ABF8B9BCCBE7BAB6ABFA9
:106860002CE3CBBE95D36ABFAE2ACBBE8CFB6ABFEE
:106870001072CABE5E236BBF53B9C9BE0C4B6BBF4F
:106880007700C9BE95726BBF7C47C8BEFB996BBFD2
:10689000628EC7BE3BC16BBF29D5C6BE58E86BBF71
:1068A000D21BC6BE500F6CBF5C62C5BE24366CBF27
:1068B000C8A8C4BED45C6CBF15EFC3BE5E836CBFFA
:1068C0004435C3BEC5A96CBF557BC2BE07D06CBFE3
:1068D00048C1C1BE24F66CBF1E07C1BE1D1C6DBFE2
:1068E000D54CC0BEF2416DBF6F92BFBEA1676DBFF8
:1068F000EBD7BEBE2D8D6DBF4A1DBEBE93B26DBF20
:106900008B62BDBED5D76DBFAFA7BCBEF2FC6DBF5D
:10691000B6ECBBBEEB216EBFA031BBBEBE466EBFA8
:106920006E76BABE6D6B6EBF1EBBB9BEF88F6EBF02
:10693000B2FFB8BE5DB46EBF2A44B8BE9ED86EBF6B
:106940008488B7BEBAFC6EBFC3CCB6BEB0206FBFE2
:10695000E610B6BE83446FBFEC54B5BE30686FBF5F
:10696000D698B4BEB88B6FBFA5DCB3BE1BAF6FBFEC
:106970005820B3BE5AD26FBFEF63B2BE73F56FBF7C
:106980006BA7B1BE671870BFCBEAB0BE373B70BF14
:10699000102EB0BEE15D70BF3A71AFBE668070BFB1
:1069A00049B4AEBEC6A270BF3CF7ADBE02C570BF53
:1069B000153AADBE17E770BFD47CACBE080971BFF5
:1069C00077BFABBED42A71BF0102ABBE7A4C71BF98
:1069D0006F44AABEFB6D71BFC486A9BE578F71BF3D
:1069E000FEC8A8BE8EB071BF1F0BA8BE9FD171BFDD
:1069F000254DA7BE8CF271BF128FA6BE521372BF77
:106A0000E5D0A5BEF43372BF9F12A5BE705472BF0D
:106A10003F54A4BEC77472BFC595A3BEF89472BF9D
:106A200033D7A2BE04B572BF8718A2BEEBD472BF23
:106A3000C259A1BEACF472BFE59AA0BE471473BFA1
:106A4000EEDB9FBEBE3373BFDF1C9FBE0E5373BF12
:106A5000B85D9EBE397273BF789E9DBE3F9173BF75
:106A600020DF9CBE1FB073BFAF1F9CBED9CE73BFCB
:106A700027609BBE6EED73BF86A09ABEDD0B74BF10
:106A8000CEE099BE272A74BFFE2099BE4B4874BF42
:106A9000166198BE496674BF17A197BE228474BF61
:106AA00000E196BED5A174BFD22096BE62BF74BF6E
:106AB0008D6095BEC9DC74BF31A094BE0BFA74BF63
:106AC000BFDF93BE271775BF351F93BE1D3475BF3B
:106AD000945E92BEED5075BFDD9D91BE976D75BF02
:106AE00010DD90BE1C8A75BF2C1C90BE7BA675BFA6
:106AF000325B8FBEB3C275BF229A8EBEC6DE75BF33
:106B0000FCD88DBEB3FA75BFC0178DBE7A1676BF9E
:106B10006E568CBE1B3276BF07958BBE974D76BFE7
:106B20008AD38ABEEC6876BFF8118ABE1B8476BF12
:106B3000505089BE249F76BF938E88BE07BA76BF19
:106B4000C1CC87BEC4D476BFDA0A87BE5BEF76BFFE
:106B5000DF4886BECC0977BFCE8685BE172477BFB7
:106B6000AAC484BE3C3E77BF700284BE3A5877BF49
:106B7000224083BE137277BFC07D82BEC58B77BFB4
:106B80004ABB81BE51A577BFC0F880BEB7BE77BFF4
:106B9000223680BEF7D777BFE1E67EBE10F177BF21
:106BA00056617DBE040A78BFA4DB7BBED12278BFCC
:106BB000CB557ABE773B78BFCCCF78BEF85378BF41
:106BC000A64977BE526C78BF5AC375BE868478BF1B
:106BD000E83C74BE939C78BF51B672BE7BB478BF5C
:106BE000942F71BE3BCC78BFB2A86FBED6E378BFFE
:106BF000AB216EBE4AFB78BF7F9A6CBE981279BFFC
:106C00002F136BBEBF2979BFBA8B69BEC04079BF55
:106C1000220468BE9A5779BF667C66BE4E6E79BF05
:106C200086F464BEDC8479BF836C63BE439B79BF0A
:106C30005CE461BE83B179BF135C60BE9DC779BF60
:106C4000A8D35EBE91DD79BF1A4B5DBE5EF379BFFE
:106C50006AC25BBE04097ABF97395ABE841E7ABFE6
:106C6000A4B058BEDD337ABF8F2757BE10497ABF14
:106C7000589E55BE1C5E7ABF011554BE02737ABF82
:106C8000898B52BEC1877ABFF10151BE599C7ABF30
:106C900038784FBECBB07ABF60EE4DBE16C57ABF16
:106CA00067644CBE3AD97ABF4FDA4ABE37ED7ABF35
:106CB000185049BE0E017BBFC2C547BEBE147BBF84
:106CC0004D3B46BE48287BBFB9B044BEAB3B7BBF03
:106CD000072643BEE74E7BBF379B41BEFC617BBFAF
:106CE000491040BEEA747BBF3E853EBEB2877BBF83
:106CF00015FA3CBE539A7BBFCF6E3BBECDAC7BBF7B
:106D00006CE339BE20BF7BBFEC5738BE4DD17BBF93
:106D100050CC36BE53E37BBF984035BE31F57BBFC8
:106D2000C4B433BEE9067CBFD42832BE7A187CBF17
:106D3000C99C30BEE5297CBFA2102FBE283B7CBF7A
:106D400061842DBE444C7CBF04F82BBE3A5D7CBFF1
:106D50008D6B2ABE086E7CBFFCDE28BEB07E7CBF79
:106D6000515227BE318F7CBF8CC525BE8A9F7CBF08
:106D7000AD3824BEBDAF7CBFB6AB22BEC9BF7CBFA1
:106D8000A51E21BEAECF7CBF7B911FBE6CDF7CBF3A
:106D900038041EBE03EF7CBFDE761CBE73FE7CBFD4
:106DA0006BE91ABEBC0D7DBFE05B19BEDD1C7DBF6B
:106DB0003DCE17BED82B7DBF834016BEAC3A7DBFFB
:106DC000B2B214BE59497DBFCA2413BEDE577DBF7F
:106DD000CC9611BE3D667DBFB70810BE74747DBFF2
:106DE0008B7A0EBE85827DBF4AEC0CBE6E907DBF55
:106DF000F35D0BBE309E7DBF86CF09BECCAB7DBFA1
:106E0000054108BE40B97DBF6EB206BE8CC67DBFCF
:106E1000C22305BEB2D37DBF029503BEB1E07DBFE4
:106E20002E0602BE88ED7DBF457700BE38FA7DBFD5
:106E300092D0FDBDC2067EBF73B2FABD24137EBFE1
:106E40002C94F7BD5E1F7EBFC075F4BD722B7EBF54
:106E50002E57F1BD5E377EBF7638EEBD23437EBF31
:106E60009A19EBBDC14E7EBF9AFAE7BD385A7EBF74
:106E700076DBE4BD88657EBF2EBCE1BDB0707EBF11
:106E8000C49CDEBDB17B7EBF377DDBBD8B867EBF04
:106E9000895DD8BD3D917EBFB93DD5BDC99B7EBF43
:106EA000C81DD2BD2DA67EBFB7FDCEBD69B07EBFC9
:106EB00086DDCBBD7FBA7EBF36BDC8BD6DC47EBF8B
:106EC000C69CC5BD34CE7EBF397CC2BDD4D77EBF83
:106ED0008D5BBFBD4CE17EBFC33ABCBD9DEA7EBFAA
:106EE000DD19B9BDC7F37EBFDAF8B5BDC9FC7EBFF9
:106EF000BBD7B2BDA4057FBF80B6AFBD580E7FBF64
:106F00002B95ACBDE4167FBFBA73A9BD491F7FBFE7
:106F10003052A6BD87277FBF8C30A3BD9D2F7FBF7A
:106F2000CF0EA0BD8D377FBFF9EC9CBD543F7FBF16
:106F30000ACB99BDF4467FBF05A996BD6D4E7FBFB4
:106F4000E78693BDBF557FBFB46490BDE95C7FBF4A
:106F50006A428DBDEC637FBF0A208ABDC76A7FBFCE
:106F600094FD86BD7B717FBF0ADB83BD08787FBF40
:106F70006CB880BD6D7E7FBF742B7BBDAB847FBF43
:106F8000E9E574BDC28A7FBF38A06EBDB1907FBFF6
:106F9000625A68BD78967FBF681462BD189C7FBF37
:106FA0004CCE5BBD91A17FBF0E8855BDE3A67FBFD0
:106FB000AF414FBD0DAC7FBF2FFB48BD0FB17FBFB1
:106FC00091B442BDEAB57FBFD56D3CBD9EBA7FBFCF
:106FD000FC2636BD2ABF7FBF07E02FBD8FC37FBF12
:106FE000F69829BDCCC77FBFCC5123BDE2CB7FBF74
:106FF000880A1DBDD1CF7FBF2CC316BD98D37FBFDC
:10700000B87B10BD37D77FBF2F340ABDAFDA7FBF43
:1070100090EC03BD00DE7FBFB949FBBC29E17FBF17
:107020002DBAEEBC2BE47FBF7B2AE2BC05E77FBF15
:10703000A69AD5BCB8E97FBFB00AC9BC43EC7FBFF4
:107040009B7ABCBCA7EE7FBF69EAAFBCE3F07FBF11
:107050001C5AA3BCF8F27FBFB6C996BCE6F47FBF4A
:1070600038398ABCACF67FBF4B517BBC4AF87FBF36
:10707000003062BCC1F97FBF900E49BC11FB7FBFDD
:1070800002ED2FBC39FC7FBF59CB16BC39FD7FBF49
:107090003053FBBB13FE7FBF890FC9BBC4FE7FBF4C
:1070A000C1CB96BB4EFF7FBFC70F49BBB1FF7FBFB0
:1070B000D40FC9BAECFF7FBF00000080000080BF82
:1070C000D40FC93AECFF7FBFC70F493BB1FF7FBF69
:1070D000C1CB963B4EFF7FBF890FC93BC4FE7FBF2C
:1070E0003053FB3B13FE7FBF59CB163C39FD7FBFAE
:1070F00002ED2F3C39FC7FBF900E493C11FB7FBF56
:107100000030623CC1F97FBF4B517B3C4AF87FBFE6
:1071100038398A3CACF67FBFB6C9963CE6F47FBFEF
:107120001C5AA33CF8F27FBF69EAAF3CE3F07FBF93
:107130009B7ABC3CA7EE7FBFB00AC93C43EC7FBF43
:10714000A69AD53CB8E97FBF7B2AE23C05E77FBF22
:107150002DBAEE3C2BE47FBFB949FB3C29E17FBF50
:1071600090EC033D00DE7FBF2F340A3DAFDA7FBFD6
:10717000B87B103D37D77FBF2CC3163D98D37FBF58
:10718000880A1D3DD1CF7FBFCC51233DE2CB7FBFCD
:10719000F698293DCCC77FBF07E02F3D8FC37FBF47
:1071A000FC26363D2ABF7FBFD56D3C3D9EBA7FBFD2
:1071B00091B4423DEAB57FBF2FFB483D0FB17FBF81
:1071C000AF414F3D0DAC7FBF0E88553DE3A67FBF5D
:1071D0004CCE5B3D91A17FBF6814623D189C7FBF80
:1071E000625A683D78967FBF38A06E3DB1907FBFF0
:1071F000E9E5743DC28A7FBF742B7B3DAB847FBFC2
:107200006CB8803D6D7E7FBF0ADB833D08787FBF11
:1072100094FD863D7B717FBF0A208A3DC76A7FBF90
:107220006A428D3DEC637FBFB464903DE95C7FBFF3
:10723000E786933DBF557FBF05A9963D6D4E7FBF45
:107240000ACB993DF4467FBFF9EC9C3D543F7FBF8C
:10725000CF0EA03D8D377FBF8C30A33D9D2F7FBFCC
:107260003052A63D87277FBFBA73A93D491F7FBF14
:107270002B95AC3DE4167FBF80B6AF3D580E7FBF67
:10728000BBD7B23DA4057FBFDAF8B53DC9FC7EBFD0
:10729000DD19B93DC7F37EBFC33ABC3D9DEA7EBF51
:1072A0008D5BBF3D4CE17EBF397CC23DD4D77EBFF4
:1072B000C69CC53D34CE7EBF36BDC83D6DC47EBFC5
:1072C00086DDCB3D7FBA7EBFB7FDCE3D69B07EBFC8
:1072D000C81DD23D2DA67EBFB93DD53DC99B7EBF01
:1072E000895DD83D3D917EBF377DDB3D8B867EBF7E
:1072F000C49CDE3DB17B7EBF2EBCE13DB0707EBF45
:1073000076DBE43D88657EBF9AFAE73D385A7EBF5A
:107310009A19EB3DC14E7EBF7638EE3D23437EBFCA
:107320002E57F13D5E377EBFC075F43D722B7EBF98
:107330002C94F73D5E1F7EBF73B2FA3D24137EBFCF
:1073400092D0FD3DC2067EBF4577003E38FA7DBF34
:107350002E06023E88ED7DBF0295033EB1E07DBF63
:10736000C223053EB2D37DBF6EB2063E8CC67DBF42
:107370000541083E40B97DBF86CF093ECCAB7DBFFD
:10738000F35D0B3E309E7DBF4AEC0C3E6E907DBFA0
:107390008B7A0E3E85827DBFB708103E74747DBF28
:1073A000CC96113E3D667DBFCA24133EDE577DBF9D
:1073B000B2B2143E59497DBF8340163EAC3A7DBF00
:1073C0003DCE173ED82B7DBFE05B193EDD1C7DBF57
:1073D0006BE91A3EBC0D7DBFDE761C3E73FE7CBFA2
:1073E00038041E3E03EF7CBF7B911F3E6CDF7CBFE9
:1073F000A51E213EAECF7CBFB6AB223EC9BF7CBF2F
:10740000AD38243EBDAF7CBF8CC5253E8A9F7CBF76
:107410005152273E318F7CBFFCDE283EB07E7CBFC0
:107420008D6B2A3E086E7CBF04F82B3E3A5D7CBF14
:1074300061842D3E444C7CBFA2102F3E283B7CBF74
:10744000C99C303EE5297CBFD428323E7A187CBFE7
:10745000C4B4333EE9067CBF9840353E31F57BBF6E
:1074600050CC363E53E37BBFEC57383E4DD17BBF0B
:107470006CE3393E20BF7BBFCF6E3B3ECDAC7BBFC4
:1074800015FA3C3E539A7BBF3E853E3EB2877BBF9A
:107490004910403EEA747BBF379B413EFC617BBF95
:1074A0000726433EE74E7BBFB9B0443EAB3B7BBFB4
:1074B0004D3B463E48287BBFC2C5473EBE147BBFFE
:1074C0001850493E0E017BBF4FDA4A3E37ED7ABF76
:1074D00067644C3E3AD97ABF60EE4D3E16C57ABF1E
:1074E00038784F3ECBB07ABFF101513E599C7ABFFC
:1074F000898B523EC1877ABF0115543E02737ABF11
:10750000589E553E1C5E7ABF8F27573E10497ABF62
:10751000A4B0583EDD337ABF97395A3E841E7ABFF5
:107520006AC25B3E04097ABF1A4B5D3E5EF379BFC7
:10753000A8D35E3E91DD79BF135C603E9DC779BFE5
:107540005CE4613E83B179BF836C633E439B79BF4A
:1075500086F4643EDC8479BF667C663E4E6E79BFFD
:107560002204683E9A5779BFBA8B693EC04079BF02
:107570002F136B3EBF2979BF7F9A6C3E981279BF5B
:10758000AB216E3E4AFB78BFB2A86F3ED6E378BF10
:10759000942F713E3BCC78BF51B6723E7BB478BF1E
:1075A000E83C743E939C78BF5AC3753E868478BF8E
:1075B000A649773E526C78BFCCCF783EF85378BF5F
:1075C000CB557A3E773B78BFA4DB7B3ED12278BF98
:1075D00056617D3E040A78BFE1E67E3E10F177BF3A
:1075E0002236803EF7D777BFC0F8803EB7BE77BF60
:1075F0004ABB813E51A577BFC07D823EC58B77BF18
:107600002240833E137277BF7002843E3A5877BFA0
:10761000AAC4843E3C3E77BFCE86853E172477BF02
:10762000DF48863ECC0977BFDA0A873E5BEF76BF3C
:10763000C1CC873EC4D476BF938E883E07BA76BF4E
:107640005050893E249F76BFF8118A3E1B8476BF36
:107650008AD38A3EEC6876BF07958B3E974D76BFFE
:107660006E568C3E1B3276BFC0178D3E7A1676BFA3
:10767000FCD88D3EB3FA75BF229A8E3EC6DE75BF2A
:10768000325B8F3EB3C275BF2C1C903E7BA675BF8C
:1076900010DD903E1C8A75BFDD9D913E976D75BFD4
:1076A000945E923EED5075BF351F933E1D3475BFFD
:1076B000BFDF933E271775BF31A0943E0BFA74BF0E
:1076C0008D60953EC9DC74BFD220963E62BF74BF08
:1076D00000E1963ED5A174BF17A1973E228474BFE6
:1076E0001661983E496674BFFE20993E4B4874BFB0
:1076F000CEE0993E272A74BF86A09A3EDD0B74BF68
:1077000027609B3E6EED73BFAF1F9C3ED9CE73BF0B
:1077100020DF9C3E1FB073BF789E9D3E3F9173BF9C
:10772000B85D9E3E397273BFDF1C9F3E0E5373BF20
:10773000EEDB9F3EBE3373BFE59AA03E471473BF96
:10774000C259A13EACF472BF8718A23EEBD472BFFF
:1077500033D7A23E04B572BFC595A33EF89472BF5D
:107760003F54A43EC77472BF9F12A53E705472BFAF
:10777000E5D0A53EF43372BF128FA63E521372BFFE
:10778000254DA73E8CF271BF1F0BA83E9FD171BF44
:10779000FEC8A83E8EB071BFC486A93E578F71BF88
:1077A0006F44AA3EFB6D71BF0102AB3E7A4C71BFC4
:1077B00077BFAB3ED42A71BFD47CAC3E080971BF01
:1077C000153AAD3E17E770BF3CF7AD3E02C570BF3E
:1077D00049B4AE3EC6A270BF3A71AF3E668070BF7C
:1077E000102EB03EE15D70BFCBEAB03E373B70BFBC
:1077F0006BA7B13E671870BFEF63B23E73F56FBF02
:107800005820B33E5AD26FBFA5DCB33E1BAF6FBF4B
:10781000D698B43EB88B6FBFEC54B53E30686FBF9E
:10782000E610B63E83446FBFC3CCB63EB0206FBFF8
:107830008488B73EBAFC6EBF2A44B83E9ED86EBF5D
:10784000B2FFB83E5DB46EBF1EBBB93EF88F6EBFCF
:107850006E76BA3E6D6B6EBFA031BB3EBE466EBF4C
:10786000B6ECBB3EEB216EBFAFA7BC3EF2FC6DBFDA
:107870008B62BD3ED5D76DBF4A1DBE3E93B26DBF74
:10788000EBD7BE3E2D8D6DBF6F92BF3EA1676DBF22
:10789000D54CC03EF2416DBF1E07C13E1D1C6DBFE1
:1078A00048C1C13E24F66CBF557BC23E07D06CBFB9
:1078B0004435C33EC5A96CBF15EFC33E5E836CBFA4
:1078C000C8A8C43ED45C6CBF5C62C53E24366CBFA5
:1078D000D21BC63E500F6CBF29D5C63E58E86BBFC1
:1078E000628EC73E3BC16BBF7C47C83EFB996BBFF6
:1078F0007700C93E95726BBF53B9C93E0C4B6BBF45
:107900001072CA3E5E236BBFAE2ACB3E8CFB6ABFB1
:107910002CE3CB3E95D36ABF8B9BCC3E7BAB6ABF3F
:10792000CA53CD3E3C836ABFEA0BCE3ED95A6ABFEA
:10793000EAC3CE3E52326ABFCA7BCF3EA7096ABFB6
:107940008A33D03ED7E069BF2AEBD03EE4B769BFA7
:10795000AAA2D13ECC8E69BF095AD23E916569BFB9
:107960004811D33E323C69BF67C8D33EAE1269BFEF
:10797000647FD43E07E968BF4136D53E3CBF68BF4F
:10798000FDECD53E4C9568BF99A3D63E396B68BFD8
:10799000135AD73E034168BF6B10D83EA81668BF84
:1079A000A3C6D83E2AEC67BFB97CD93E87C167BF62
:1079B000AD32DA3EC19667BF80E8DA3ED86B67BF6A
:1079C000319EDB3ECA4067BFC153DC3E991567BF9D
:1079D0002E09DD3E45EA66BF79BEDD3ECCBE66BF00
:1079E000A273DE3E309366BFA928DF3E716766BF93
:1079F0008DDDDF3E8E3B66BF4F92E03E880F66BF57
:107A0000EE46E13E5EE365BF6AFBE13E10B765BF4F
:107A1000C4AFE23EA08A65BFFA63E33E0B5E65BF7A
:107A20000E18E43E543165BFFECBE43E790465BFD9
:107A3000CB7FE53E7BD764BF7533E63E59AA64BF72
:107A4000FBE6E63E147D64BF5D9AE73EAC4F64BF43
:107A50009C4DE83E212264BFB700E93E73F463BF4A
:107A6000AEB3E93EA1C663BF8166EA3EAC9863BF90
:107A70003019EB3E956A63BFBBCBEB3E5A3C63BF0C
:107A8000217EEC3EFC0D63BF6330ED3E7BDF62BFC9
:107A900080E2ED3ED7B062BF7994EE3E108262BFC5
:107AA0004C46EF3E265362BFFBF7EF3E1A2462BFFF
:107AB00085A9F03EEAF461BFEA5AF13E98C561BF7C
:107AC000290CF23E229661BF43BDF23E8A6661BF39
:107AD000386EF33ED03661BF071FF43EF20661BF39
:107AE000B1CFF43EF2D660BF3580F53ECFA660BF81
:107AF0009330F63E897660BFCBE0F63E214660BF0C
:107B0000DC90F73E961560BFC840F83EE9E45FBFE1
:107B10008EF0F83E19B45FBF2DA0F93E27835FBFFA
:107B2000A54FFA3E12525FBFF7FEFA3EDB205FBF61
:107B300022AEFB3E81EF5EBF275DFC3E05BE5EBF11
:107B4000040CFD3E678C5EBFBBBAFD3EA65A5EBF0D
:107B50004A69FE3EC3285EBFB217FF3EBEF65DBF58
:107B6000F3C5FF3E97C45DBF063A003F4D925DBF2F
:107B7000FF90003FE15F5DBFE4E7003F532D5DBF35
:107B8000B53E013FA3FA5CBF7395013FD1C75CBF0F
:107B90001CEC013FDD945CBFB142023FC7615CBF9A
:107BA0003299023F8E2E5CBF9FEF023F34FB5BBFDA
:107BB000F845033FB8C75BBF3D9C033F1A945BBFCA
:107BC0006DF2033F5A605BBF8948043F792C5BBF6D
:107BD000919E043F75F85ABF84F4043F50C45ABFC5
:107BE000624A053F09905ABF2CA0053FA05B5ABFCF
:107BF000E2F5053F16275ABF824B063F6AF259BF8E
:107C00000EA1063F9CBD59BF86F6063FAD8859BF01
:107C1000E84B073F9C5359BF36A1073F6A1E59BF27
:107C20006FF6073F17E958BF924B083FA1B358BF03
:107C3000A1A0083F0B7E58BF9BF5083F534858BF93
:107C40007F4A093F791258BF4E9F093F7FDC57BFDB
:107C500009F4093F63A657BFAD480A3F267057BFD6
:107C60003D9D0A3FC73957BFB7F10A3F480357BF89
:107C70001C460B3FA7CC56BF6B9A0B3FE59556BFF2
:107C8000A5EE0B3F025F56BFC9420C3FFE2756BF11
:107C9000D7960C3FD9F055BFD0EA0C3F93B955BFEA
:107CA000B33E0D3F2C8255BF81920D3FA44A55BF74
:107CB00038E60D3FFB1255BFDA390E3F31DB54BFBA
:107CC000658D0E3F47A354BFDBE00E3F3B6B54BFB7
:107CD0003B340F3F0F3354BF84870F3FC3FA53BF6A
:107CE000B8DA0F3F55C253BFD52D103FC78953BFD8
:107CF000DC80103F185153BFCDD3103F491853BFFC
:107D0000A726113F59DF52BF6B79113F49A652BFD9
:107D100019CC113F186D52BFB01E123FC63352BF6F
:107D20003071123F54FA51BF9AC3123FC2C051BFC3
:107D3000EE15133F108751BF2A68133F3D4D51BFC9
:107D400050BA133F4A1351BF5F0C143F37D950BF8D
:107D5000585E143F039F50BF39B0143FAF6450BF0B
:107D60000402153F3B2A50BFB753153FA8EF4FBF42
:107D700054A5153FF4B44FBFD9F6153F1F7A4FBF36
:107D80004748163F2B3F4FBF9F99163F17044FBFE1
:107D9000DFEA163FE4C84EBF073C173F908D4EBF49
:107DA000188D173F1C524EBF12DE173F89164EBF6B
:107DB000F52E183FD5DA4DBFC07F183F029F4DBF4B
:107DC00073D0183F10634DBF0F21193FFD264DBFE3
:107DD0009471193FCBEA4CBF00C2193F79AE4CBF3A
:107DE00055121A3F08724CBF93621A3F78354CBF48
:107DF000B8B21A3FC7F84BBFC6021B3FF8BB4BBF18
:107E0000BB521B3F097F4BBF99A21B3FFA414BBF9F
:107E10005FF21B3FCC044BBF0C421C3F7FC74ABFE5
:107E2000A2911C3F138A4ABF1FE11C3F874C4ABFE7
:107E300084301D3FDC0E4ABFD17F1D3F12D149BFA8
:107E400006CF1D3F299349BF221E1E3F215549BF22
:107E5000266D1E3FFA1649BF12BC1E3FB3D848BF5D
:107E6000E50A1F3F4E9A48BF9F591F3FCA5B48BF54
:107E700041A81F3F271D48BFCBF61F3F65DE47BF08
:107E80003B45203F849F47BF9393203F856047BF7A
:107E9000D2E1203F672147BFF92F213F2AE246BFA9
:107EA000067E213FCEA246BFFBCB213F546346BF97
:107EB000D719223FBB2346BF9967223F03E445BF42
:107EC00043B5223F2DA445BFD302233F396445BFAC
:107ED0004B50233F262445BFA99D233FF5E344BFD4
:107EE000EEEA233FA5A344BF1A38243F376344BFBB
:107EF0002C85243FAB2244BF25D2243F00E243BF60
:107F0000041F253F38A143BFCB6B253F516043BFC2
:107F100077B8253F4C1F43BF0A05263F29DE42BFE5
:107F20008451263FE89C42BFE39D263F895B42BFC8
:107F30002AEA263F0B1A42BF5636273F70D841BF68
:107F40006882273FB79641BF61CE273FE15441BFCA
:107F5000401A283FEC1241BF0566283FDAD040BFE7
:107F6000B0B1283FA98E40BF41FD283F5C4C40BFC7
:107F7000B848293FF00940BF1594293F67C73FBF64
:107F800057DF293FC0843FBF802A2A3FFC413FBFC3
:107F90008E752A3F1BFF3EBF82C02A3F1BBC3EBFDF
:107FA0005B0B2B3FFF783EBF1B562B3FC5353EBFBB
:107FB000BFA02B3F6EF23DBF4AEB2B3FF9AE3DBF5A
:107FC000B9352C3F676B3DBF0F802C3FB8273DBFB5
:107FD00049CA2C3FECE33CBF69142D3F03A03CBFD2
:107FE0006F5E2D3FFC5B3CBF59A82D3FD9173CBFAE
:107FF00029F22D3F98D33BBFDE3B2E3F3B8F3BBF4B
:1080000078852E3FC14A3BBFF7CE2E3F29063BBFA6
:108010005B182F3F75C13ABFA5612F3FA47C3ABFC3
:10802000D3AA2F3FB7373ABFE6F32F3FACF239BFA1
:10803000DE3C303F85AD39BFBB85303F426839BF3C
:108040007CCE303FE12239BF2217313F65DD38BF9A
:10805000AD5F313FCB9738BF1DA8313F165238BFB7
:1080600071F0313F430C38BFAA38323F55C637BF95
:10807000C780323F4A8037BFC9C8323F233A37BF33
:10808000AF10333FDFF336BF7A58333F7FAD36BF93
:1080900029A0333F046736BFBCE7333F6C2036BFAF
:1080A000342F343FB8D935BF8F76343FE79235BF90
:1080B000CFBD343FFB4B35BFF304353FF30435BF31
:1080C000FB4B353FCFBD34BFE792353F8F7634BF92
:1080D000B8D9353F342F34BF6C20363FBCE733BFAF
:1080E0000467363F29A033BF7FAD363F7A5833BF90
:1080F000DFF3363FAF1033BF233A373FC9C832BF33
:108100004A80373FC78032BF55C6373FAA3832BF93
:10811000430C383F71F031BF1652383F1DA831BFB4
:10812000CB97383FAD5F31BF65DD383F221731BF98
:10813000E122393F7CCE30BF4268393FBB8530BF3A
:1081400085AD393FDE3C30BFACF2393FE6F32FBF9F
:10815000B7373A3FD3AA2FBFA47C3A3FA5612FBFC0
:1081600075C13A3F5B182FBF29063B3FF7CE2EBFA4
:10817000C14A3B3F78852EBF3B8F3B3FDE3B2EBF46
:1081800098D33B3F29F22DBFD9173C3F59A82DBFAB
:10819000FC5B3C3F6F5E2DBF03A03C3F69142DBFCD
:1081A000ECE33C3F49CA2CBFB8273D3F0F802CBFB2
:1081B000676B3D3FB9352CBFF9AE3D3F4AEB2BBF56
:1081C0006EF23D3FBFA02BBFC5353E3F1B562BBFB8
:1081D000FF783E3F5B0B2BBF1BBC3E3F82C02ABFDC
:1081E0001BFF3E3F8E752ABFFC413F3F802A2ABFBE
:1081F000C0843F3F57DF29BF67C73F3F159429BF62
:10820000F009403FB84829BF5C4C403F41FD28BFC2
:10821000A98E403FB0B128BFDAD0403F056628BFE5
:10822000EC12413F401A28BFE154413F61CE27BFC5
:10823000B796413F688227BF70D8413F563627BF67
:108240000B1A423F2AEA26BF895B423FE39D26BFC5
:10825000E89C423F845126BF29DE423F0A0526BFE3
:108260004C1F433F77B825BF5160433FCB6B25BFC1
:1082700038A1433F041F25BF00E2433F25D224BF5E
:10828000AB22443F2C8524BF3763443F1A3824BFB8
:10829000A5A3443FEEEA23BFF5E3443FA99D23BFD6
:1082A0002624453F4B5023BF3964453FD30223BFAB
:1082B0002DA4453F43B522BF03E4453F996722BF44
:1082C000BB23463FD71922BF5463463FFBCB21BF98
:1082D000CEA2463F067E21BF2AE2463FF92F21BFAC
:1082E0006721473FD2E120BF8560473F939320BF7E
:1082F000849F473F3B4520BF65DE473FCBF61FBF0E
:10830000271D483F41A81FBFCA5B483F9F591FBF59
:108310004E9A483FE50A1FBFB3D8483F12BC1EBF64
:10832000FA16493F266D1EBF2155493F221E1EBF2A
:108330002993493F06CF1DBF12D1493FD17F1DBFB1
:10834000DC0E4A3F84301DBF874C4A3F1FE11CBFF3
:10835000138A4A3FA2911CBF7FC74A3F0C421CBFF1
:10836000CC044B3F5FF21BBFFA414B3F99A21BBFAE
:10837000097F4B3FBB521BBFF8BB4B3FC6021BBF25
:10838000C7F84B3FB8B21ABF78354C3F93621ABF5B
:1083900008724C3F55121ABF79AE4C3F00C219BF4C
:1083A000CBEA4C3F947119BFFD264D3F0F2119BFF9
:1083B00010634D3F73D018BF029F4D3FC07F18BF61
:1083C000D5DA4D3FF52E18BF89164E3F12DE17BF86
:1083D0001C524E3F188D17BF908D4E3F073C17BF64
:1083E000E4C84E3FDFEA16BF17044F3F9F9916BF00
:1083F0002B3F4F3F474816BF1F7A4F3FD9F615BF57
:10840000F4B44F3F54A515BFA8EF4F3FB75315BF66
:108410003B2A503F040215BFAF64503F39B014BF30
:10842000039F503F585E14BF37D9503F5F0C14BFB5
:108430004A13513F50BA13BF3D4D513F2A6813BFF5
:108440001087513FEE1513BFC2C0513F9AC312BFF0
:1084500054FA513F307112BFC633523FB01E12BFA3
:10846000186D523F19CC11BF49A6523F6B7911BF0D
:1084700059DF523FA72611BF4918533FCDD310BF34
:108480001851533FDC8010BFC789533FD52D10BF13
:1084900055C2533FB8DA0FBFC3FA533F84870FBFAB
:1084A0000F33543F3B340FBF3B6B543FDBE00EBFF9
:1084B00047A3543F658D0EBF31DB543FDA390EBF01
:1084C000FB12553F38E60DBFA44A553F81920DBFC0
:1084D0002C82553FB33E0DBF93B9553FD0EA0CBF38
:1084E000D9F0553FD7960CBFFE27563FC9420CBF67
:1084F000025F563FA5EE0BBFE595563F6B9A0BBF4B
:10850000A7CC563F1C460BBF4803573FB7F10ABFE5
:10851000C739573F3D9D0ABF2670573FAD480ABF38
:1085200063A6573F09F409BF7FDC573F4E9F09BF41
:108530007912583F7F4A09BF5348583F9BF508BFFF
:108540000B7E583FA1A008BFA1B3583F924B08BF74
:1085500017E9583F6FF607BF6A1E593F36A107BF9C
:108560009C53593FE84B07BFAD88593F86F606BF7D
:108570009CBD593F0EA106BF6AF2593F824B06BF10
:1085800016275A3FE2F505BFA05B5A3F2CA005BF56
:1085900009905A3F624A05BF50C45A3F84F404BF51
:1085A00075F85A3F919E04BF792C5B3F894804BF00
:1085B0005A605B3F6DF203BF1A945B3F3D9C03BF63
:1085C000B8C75B3FF84503BF34FB5B3F9FEF02BF7B
:1085D0008E2E5C3F329902BFC7615C3FB14202BF41
:1085E000DD945C3F1CEC01BFD1C75C3F739501BFBC
:1085F000A3FA5C3FB53E01BF532D5D3FE4E700BFEA
:10860000E15F5D3FFF9000BF4D925D3F063A00BFC6
:1086100097C45D3FF3C5FFBEBEF65D3FB217FFBE18
:10862000C3285E3F4A69FEBEA65A5E3FBBBAFDBE86
:10863000678C5E3F040CFDBE05BE5E3F275DFCBE41
:1086400081EF5E3F22AEFBBEDB205F3FF7FEFABE4E
:1086500012525F3FA54FFABE27835F3F2DA0F9BEA0
:1086600019B45F3F8EF0F8BEE9E45F3FC840F8BE42
:108670009615603FDC90F7BE2146603FCBE0F6BE2A
:108680008976603F9330F6BECFA6603F3580F5BE59
:10869000F2D6603FB1CFF4BEF206613F071FF4BED1
:1086A000D036613F386EF3BE8A66613F43BDF2BE8D
:1086B0002296613F290CF2BE98C5613FEA5AF1BE8D
:1086C000EAF4613F85A9F0BE1A24623FFBF7EFBED2
:1086D0002653623F4C46EFBE1082623F7994EEBE55
:1086E000D7B0623F80E2EDBE7BDF623F6330EDBE1C
:1086F000FC0D633F217EECBE5A3C633FBBCBEBBE1F
:10870000956A633F3019EBBEAC98633F8166EABE61
:10871000A1C6633FAEB3E9BE73F4633FB700E9BEE1
:108720002122643F9C4DE8BEAC4F643F5D9AE7BE9A
:10873000147D643FFBE6E6BE59AA643F7533E6BE8E
:108740007BD7643FCB7FE5BE7904653FFECBE4BEBB
:108750005431653F0E18E4BE0B5E653FFA63E3BE1D
:10876000A08A653FC4AFE2BE10B7653F6AFBE1BEB9
:108770005EE3653FEE46E1BE880F663F4F92E0BE86
:108780008E3B663F8DDDDFBE7167663FA928DFBE89
:108790003093663FA273DEBECCBE663F79BEDDBEBF
:1087A00045EA663F2E09DDBE9915673FC153DCBE21
:1087B000CA40673F319EDBBED86B673F80E8DABEB8
:1087C000C196673FAD32DABE87C1673FB97CD9BE7B
:1087D0002AEC673FA3C6D8BEA816683F6B10D8BE68
:1087E0000341683F135AD7BE396B683F99A3D6BE81
:1087F0004C95683FFDECD5BE3CBF683F4136D5BEC9
:1088000007E9683F647FD4BEAE12693F67C8D3BE34
:10881000323C693F4811D3BE9165693F095AD2BEC7
:10882000CC8E693FAAA2D1BEE4B7693F2AEBD0BE85
:10883000D7E0693F8A33D0BEA7096A3FCA7BCFBE63
:1088400052326A3FEAC3CEBED95A6A3FEA0BCEBE65
:108850003C836A3FCA53CDBE7BAB6A3F8B9BCCBE89
:1088600095D36A3F2CE3CBBE8CFB6A3FAE2ACBBECE
:108870005E236B3F1072CABE0C4B6B3F53B9C9BE2F
:1088800095726B3F7700C9BEFB996B3F7C47C8BEB2
:108890003BC16B3F628EC7BE58E86B3F29D5C6BE51
:1088A000500F6C3FD21BC6BE24366C3F5C62C5BE07
:1088B000D45C6C3FC8A8C4BE5E836C3F15EFC3BEDA
:1088C000C5A96C3F4435C3BE07D06C3F557BC2BEC3
:1088D00024F66C3F48C1C1BE1D1C6D3F1E07C1BEC2
:1088E000F2416D3FD54CC0BEA1676D3F6F92BFBED8
:1088F0002D8D6D3FEBD7BEBE93B26D3F4A1DBEBE00
:10890000D5D76D3F8B62BDBEF2FC6D3FAFA7BCBE3D
:10891000EB216E3FB6ECBBBEBE466E3FA031BBBE88
:108920006D6B6E3F6E76BABEF88F6E3F1EBBB9BEE2
:108930005DB46E3FB2FFB8BE9ED86E3F2A44B8BE4B
:10894000BAFC6E3F8488B7BEB0206F3FC3CCB6BEC2
:1089500083446F3FE610B6BE30686F3FEC54B5BE3F
:10896000B88B6F3FD698B4BE1BAF6F3FA5DCB3BECC
:108970005AD26F3F5820B3BE73F56F3FEF63B2BE5C
:108980006718703F6BA7B1BE373B703FCBEAB0BEF4
:10899000E15D703F102EB0BE6680703F3A71AFBE91
:1089A000C6A2703F49B4AEBE02C5703F3CF7ADBE33
:1089B00017E7703F153AADBE0809713FD47CACBED5
:1089C000D42A713F77BFABBE7A4C713F0102ABBE78
:1089D000FB6D713F6F44AABE578F713FC486A9BE1D
:1089E0008EB0713FFEC8A8BE9FD1713F1F0BA8BEBD
:1089F0008CF2713F254DA7BE5213723F128FA6BE57
:108A0000F433723FE5D0A5BE7054723F9F12A5BEED
:108A1000C774723F3F54A4BEF894723FC595A3BE7D
:108A200004B5723F33D7A2BEEBD4723F8718A2BE03
:108A3000ACF4723FC259A1BE4714733FE59AA0BE81
:108A4000BE33733FEEDB9FBE0E53733FDF1C9FBEF2
:108A50003972733FB85D9EBE3F91733F789E9DBE55
:108A60001FB0733F20DF9CBED9CE733FAF1F9CBEAB
:108A70006EED733F27609BBEDD0B743F86A09ABEF0
:108A8000272A743FCEE099BE4B48743FFE2099BE22
:108A90004966743F166198BE2284743F17A197BE41
:108AA000D5A1743F00E196BE62BF743FD22096BE4E
:108AB000C9DC743F8D6095BE0BFA743F31A094BE43
:108AC0002717753FBFDF93BE1D34753F351F93BE1B
:108AD000ED50753F945E92BE976D753FDD9D91BEE2
:108AE0001C8A753F10DD90BE7BA6753F2C1C90BE86
:108AF000B3C2753F325B8FBEC6DE753F229A8EBE13
:108B0000B3FA753FFCD88DBE7A16763FC0178DBE7E
:108B10001B32763F6E568CBE974D763F07958BBEC7
:108B2000EC68763F8AD38ABE1B84763FF8118ABEF2
:108B3000249F763F505089BE07BA763F938E88BEF9
:108B4000C4D4763FC1CC87BE5BEF763FDA0A87BEDE
:108B5000CC09773FDF4886BE1724773FCE8685BE97
:108B60003C3E773FAAC484BE3A58773F700284BE29
:108B70001372773F224083BEC58B773FC07D82BE94
:108B800051A5773F4ABB81BEB7BE773FC0F880BED4
:108B9000F7D7773F223680BE10F1773FE1E67EBE01
:108BA000040A783F56617DBED122783FA4DB7BBEAC
:108BB000773B783FCB557ABEF853783FCCCF78BE21
:108BC000526C783FA64977BE8684783F5AC375BEFB
:108BD000939C783FE83C74BE7BB4783F51B672BE3C
:108BE0003BCC783F942F71BED6E3783FB2A86FBEDE
:108BF0004AFB783FAB216EBE9812793F7F9A6CBEDC
:108C0000BF29793F2F136BBEC040793FBA8B69BE35
:108C10009A57793F220468BE4E6E793F667C66BEE5
:108C2000DC84793F86F464BE439B793F836C63BEEA
:108C300083B1793F5CE461BE9DC7793F135C60BE40
:108C400091DD793FA8D35EBE5EF3793F1A4B5DBEDE
:108C500004097A3F6AC25BBE841E7A3F97395ABEC6
:108C6000DD337A3FA4B058BE10497A3F8F2757BEF4
:108C70001C5E7A3F589E55BE02737A3F011554BE62
:108C8000C1877A3F898B52BE599C7A3FF10151BE10
:108C9000CBB07A3F38784FBE16C57A3F60EE4DBEF6
:108CA0003AD97A3F67644CBE37ED7A3F4FDA4ABE15
:108CB0000E017B3F185049BEBE147B3FC2C547BE64
:108CC00048287B3F4D3B46BEAB3B7B3FB9B044BEE3
:108CD000E74E7B3F072643BEFC617B3F379B41BE8F
:108CE000EA747B3F491040BEB2877B3F3E853EBE63
:108CF000539A7B3F15FA3CBECDAC7B3FCF6E3BBE5B
:108D000020BF7B3F6CE339BE4DD17B3FEC5738BE73
:108D100053E37B3F50CC36BE31F57B3F984035BEA8
:108D2000E9067C3FC4B433BE7A187C3FD42832BEF7
:108D3000E5297C3FC99C30BE283B7C3FA2102FBE5A
:108D4000444C7C3F61842DBE3A5D7C3F04F82BBED1
:108D5000086E7C3F8D6B2ABEB07E7C3FFCDE28BE59
:108D6000318F7C3F515227BE8A9F7C3F8CC525BEE8
:108D7000BDAF7C3FAD3824BEC9BF7C3FB6AB22BE81
:108D8000AECF7C3FA51E21BE6CDF7C3F7B911FBE1A
:108D900003EF7C3F38041EBE73FE7C3FDE761CBEB4
:108DA000BC0D7D3F6BE91ABEDD1C7D3FE05B19BE4B
:108DB000D82B7D3F3DCE17BEAC3A7D3F834016BEDB
:108DC00059497D3FB2B214BEDE577D3FCA2413BE5F
:108DD0003D667D3FCC9611BE74747D3FB70810BED2
:108DE00085827D3F8B7A0EBE6E907D3F4AEC0CBE35
:108DF000309E7D3FF35D0BBECCAB7D3F86CF09BE81
:108E000040B97D3F054108BE8CC67D3F6EB206BEAF
:108E1000B2D37D3FC22305BEB1E07D3F029503BEC4
:108E200088ED7D3F2E0602BE38FA7D3F457700BEB5
:108E3000C2067E3F92D0FDBD24137E3F73B2FABDC1
:108E40005E1F7E3F2C94F7BD722B7E3FC075F4BD34
:108E50005E377E3F2E57F1BD23437E3F7638EEBD11
:108E6000C14E7E3F9A19EBBD385A7E3F9AFAE7BD54
:108E700088657E3F76DBE4BDB0707E3F2EBCE1BDF1
:108E8000B17B7E3FC49CDEBD8B867E3F377DDBBDE4
:108E90003D917E3F895DD8BDC99B7E3FB93DD5BD23
:108EA0002DA67E3FC81DD2BD69B07E3FB7FDCEBDA9
:108EB0007FBA7E3F86DDCBBD6DC47E3F36BDC8BD6B
:108EC00034CE7E3FC69CC5BDD4D77E3F397CC2BD63
:108ED0004CE17E3F8D5BBFBD9DEA7E3FC33ABCBD8A
:108EE000C7F37E3FDD19B9BDC9FC7E3FDAF8B5BDD9
:108EF000A4057F3FBBD7B2BD580E7F3F80B6AFBD44
:108F0000E4167F3F2B95ACBD491F7F3FBA73A9BDC7
:108F100087277F3F3052A6BD9D2F7F3F8C30A3BD5A
:108F20008D377F3FCF0EA0BD543F7F3FF9EC9CBDF6
:108F3000F4467F3F0ACB99BD6D4E7F3F05A996BD94
:108F4000BF557F3FE78693BDE95C7F3FB46490BD2A
:108F5000EC637F3F6A428DBDC76A7F3F0A208ABDAE
:108F60007B717F3F94FD86BD08787F3F0ADB83BD20
:108F70006D7E7F3F6CB880BDAB847F3F742B7BBD23
:108F8000C28A7F3FE9E574BDB1907F3F38A06EBDD6
:108F900078967F3F625A68BD189C7F3F681462BD17
:108FA00091A17F3F4CCE5BBDE3A67F3F0E8855BDB0
:108FB0000DAC7F3FAF414FBD0FB17F3F2FFB48BD91
:108FC000EAB57F3F91B442BD9EBA7F3FD56D3CBDAF
:108FD0002ABF7F3FFC2636BD8FC37F3F07E02FBDF2
:108FE000CCC77F3FF69829BDE2CB7F3FCC5123BD54
:108FF000D1CF7F3F880A1DBD98D37F3F2CC316BDBC
:1090000037D77F3FB87B10BDAFDA7F3F2F340ABD23
:1090100000DE7F3F90EC03BD29E17F3FB949FBBCF7
:109020002BE47F3F2DBAEEBC05E77F3F7B2AE2BCF5
:10903000B8E97F3FA69AD5BC43EC7F3FB00AC9BCD4
:10904000A7EE7F3F9B7ABCBCE3F07F3F69EAAFBCF1
:10905000F8F27F3F1C5AA3BCE6F47F3FB6C996BC2A
:10906000ACF67F3F38398ABC4AF87F3F4B517BBC16
:10907000C1F97F3F003062BC11FB7F3F900E49BCBD
:1090800039FC7F3F02ED2FBC39FD7F3F59CB16BC29
:1090900013FE7F3F3053FBBBC4FE7F3F890FC9BB2C
:1090A0004EFF7F3FC1CB96BBB1FF7F3FC70F49BB90
:1090B000ECFF7F3FD40FC9BAD8900108000000240C
:1090C00044070000C00F0008E09401084407002492
:1090D0000C36030058BC00080118320182103C9085
:1090E000D0030401771AAA018128093A8C30E28E54
:1090F0007925409E23FF3F1480841E92FF031D802C
:10910000BF0C1310025804319AE8DE695869181C24
:109110003333331211387F08320864089608C808C0
:10912000FA082C095E098F09C009F109220A520ABE
:10913000820AB10AE00A0F0B3D0B6B0B980BC50BB3
:10914000F10B1C0C470C710C9A0CC30CEB0C120DA0
:10915000390D5F0D830DA70DCA0DED0D0E0E2E0EF0
:109160004E0E6C0E8A0EA60EC10EDC0EF50E0D0F05
:10917000240F3A0F4F0F630F760F880F980FA70F2A
:10918000B50FC20FCD0FD80FE10FE90FF00FF50F9C
:10919000F90FFD0FFF021AFD0C1AF5141AE91C1A3B
:1091A000D8241AC22C1AA7341A883C1A63441A3AD3
:1091B0004C1C0D0FF5581AC1601A8A681A4E701CA3
:1091C0000E0EED7C1AA7841A5F8C1C120DEB981AF8
:1091D0009AA01E470C1C0CF1B01A98B81E3D0B0F3C
:1091E0000BE0C81A82D01C220AF1DC1A8FE41C2C76
:1091F00009FAF01A96F8133208105908CE079C079E
:109200006A0738070607D406A206710640060F064D
:10921000DE05AE057E054F052005F104C304950467
:1092200068043B040F04E403B9038F0366033D03A2
:109230001503EE02C702A1027D0259023602130293
:10924000F201D201B201940176015A013F012401D9
:109250000B01F312DC12C612B1129D128A1278129F
:10926000681259124B123E12331228121F12171293
:1092700010120B120712033A01021A030C1A0B14F4
:109280001A171C1A28241A3E2C1A59341A783C1A18
:109290009D441AC64C12F31A0B581A3F601A76688E
:1092A0001AB2701CF201137C1A59841AA18C1CEE9C
:1092B0000215981A66A01EB903E4030FB01A68B825
:1092C0001EC304F10420C81A7ED01CDE050FDC1A70
:1092D00071E41CD40606F01A6AF80DFCCE07FF0FE5
:1092E0000201FF31122012401260128012A012C03F
:1092F00022E01010012001400160018001A001C0A6
:1093000001E0011010022002400260028002A0026F
:10931000C002E0021010032003400360038003A09A
:1093200003C003E003101004200440046004800420
:10933000A004C004E004101005200540056005806D
:1093400005A005C005E005101006200640066006D1
:109350008006A006C006E006101007200740076040
:10936000078007A007C007E0071010082008400882
:1093700060088008A008C008E00810100920094013
:109380000960098009A009C009E00910100A200A33
:10939000400A600A800AA00AC00AE00A10100B20E6
:1093A0000B400B600B800BA00BC00BE00B10100CE4
:1093B000200C400C600C800CA00CC00CE00C1010B9
:1093C0000D200D400D600D800DA00DC00DE00D10A5
:1093D000100E200E400E600E800EA00EC00EE00E8D
:1093E00018110F200F400F600F800FA00FC00FE06B
:1093F0000FFF041AC00C1A80141A401C111B0FE036
:10940000281AA0301A603813200E1B0EE0481AA04C
:10941000501A605813200D1B0DE0681AA0701A60D6
:109420007813200C1B0CE0881AA0901A6098132067
:109430000B1B0BE0A81AA0B01A60B813200A1B0A75
:10944000E0C81AA0D01A60D81320091B09E0E81A56
:10945000A0F01A60F8132008101008E007C007A059
:10946000078007600740072007101007E006C006C6
:10947000A0068006600640062006101006E005C023
:1094800005A0058005600540052005101005E004D5
:10949000C004A0048004600440042004101004E010
:1094A00003C003A0038003600340032003101003E4
:1094B000E002C002A00280026002400220021010FE
:1094C00002E001C001A00180016001400120011300
:1094D00001E012C012A0128012601240021B200094
:040000050800029954
:00000001FF
